---,Health,Magic,PhysicalAttack,MagicAttack,AttackSpeed,MoveSpeed,PhysicalDefence,MagicDefence,Crit,CritAttack,Mana,Sence,Level,Type
1001,200,30,20,30,1,1,20,20,0,1000,0,0,1,1
1002,200,30,30,20,1,2,20,10,0,1000,0,0,2,1
1003,250,50,20,20,1,1,50,50,0,1000,0,0,3,1
1004,300,30,30,30,1,1,30,0,0,1000,0,0,4,1
1005,300,30,30,30,1,1,30,0,0,1000,0,0,5,1
1006,300,30,30,30,1,1,30,0,0,1000,0,0,4,1
1007,300,30,30,30,1,1,30,0,0,1000,0,0,4,1
1008,300,30,30,30,1,1,30,0,0,1000,0,0,4,1
1009,300,30,30,30,1,1,30,0,0,1000,0,0,4,1
1010,300,30,30,30,1,1,30,0,0,1000,0,0,4,1
1011,300,30,30,30,1,1,30,0,0,1000,0,0,4,1
1012,300,30,30,30,1,1,30,0,0,1000,0,0,4,1
1013,300,30,30,30,1,1,30,0,0,1000,0,0,4,1
1014,300,30,30,30,1,1,30,0,0,1000,0,0,4,1
1015,300,30,30,30,1,1,30,0,0,1000,0,0,4,1
1016,300,30,30,30,1,1,30,0,0,1000,0,0,4,1
1017,300,30,30,30,1,1,30,0,0,1000,0,0,4,1
1018,300,30,30,30,1,1,30,0,0,1000,0,0,4,1
1019,300,30,30,30,1,1,30,0,0,1000,0,0,4,1
1020,300,30,30,30,1,1,30,0,0,1000,0,0,4,1
1021,300,30,30,30,1,1,30,0,0,1000,0,0,4,1
1022,300,30,30,30,1,1,30,0,0,1000,0,0,4,1
1023,300,30,30,30,1,1,30,0,0,1000,0,0,4,1
1024,300,30,30,30,1,1,30,0,0,1000,0,0,4,1
1025,300,30,30,30,1,1,30,0,0,1000,0,0,4,1
1026,300,30,30,30,1,1,30,0,0,1000,0,0,4,1
1027,300,30,30,30,1,1,30,0,0,1000,0,0,4,1
1028,300,30,30,30,1,1,30,0,0,1000,0,0,4,1
1029,300,30,30,30,1,1,30,0,0,1000,0,0,4,1
1030,300,30,30,30,1,1,30,0,0,1000,0,0,4,1
1031,300,30,30,30,1,1,30,0,0,1000,0,0,4,1
1032,300,30,30,30,1,1,30,0,0,1000,0,0,4,1
1033,300,30,30,30,1,1,30,0,0,1000,0,0,4,1
1034,300,30,30,30,1,1,30,0,0,1000,0,0,4,1
1035,300,30,30,30,1,1,30,0,0,1000,0,0,4,1
1036,300,30,30,30,1,1,30,0,0,1000,0,0,4,1
1037,300,30,30,30,1,1,30,0,0,1000,0,0,4,1
1038,300,30,30,30,1,1,30,0,0,1000,0,0,4,1
1039,300,30,30,30,1,1,30,0,0,1000,0,0,4,1
1040,300,30,30,30,1,1,30,0,0,1000,0,0,4,1
1041,300,30,30,30,1,1,30,0,0,1000,0,0,4,1
1042,300,30,30,30,1,1,30,0,0,1000,0,0,4,1
1043,300,30,30,30,1,1,30,0,0,1000,0,0,4,1
1044,300,30,30,30,1,1,30,0,0,1000,0,0,4,1
1045,300,30,30,30,1,1,30,0,0,1000,0,0,4,1
1046,300,30,30,30,1,1,30,0,0,1000,0,0,4,1
1047,300,30,30,30,1,1,30,0,0,1000,0,0,4,1
1048,300,30,30,30,1,1,30,0,0,1000,0,0,4,1
1049,300,30,30,30,1,1,30,0,0,1000,0,0,4,1
1050,300,30,30,30,1,1,30,0,0,1000,0,0,4,1
1051,300,30,30,30,1,1,30,0,0,1000,0,0,4,1
1052,300,30,30,30,1,1,30,0,0,1000,0,0,4,1
1053,300,30,30,30,1,1,30,0,0,1000,0,0,4,1
1054,300,30,30,30,1,1,30,0,0,1000,0,0,4,1
1055,300,30,30,30,1,1,30,0,0,1000,0,0,4,1
1056,300,30,30,30,1,1,30,0,0,1000,0,0,4,1
1057,300,30,30,30,1,1,30,0,0,1000,0,0,4,1
1058,300,30,30,30,1,1,30,0,0,1000,0,0,4,1
1059,300,30,30,30,1,1,30,0,0,1000,0,0,4,1
1060,300,30,30,30,1,1,30,0,0,1000,0,0,4,1
1061,300,30,30,30,1,1,30,0,0,1000,0,0,4,1
1062,300,30,30,30,1,1,30,0,0,1000,0,0,4,1
1063,300,30,30,30,1,1,30,0,0,1000,0,0,4,1
1064,300,30,30,30,1,1,30,0,0,1000,0,0,4,1
1065,300,30,30,30,1,1,30,0,0,1000,0,0,4,1
1066,300,30,30,30,1,1,30,0,0,1000,0,0,4,1
1067,300,30,30,30,1,1,30,0,0,1000,0,0,4,1
1068,300,30,30,30,1,1,30,0,0,1000,0,0,4,1
1069,300,30,30,30,1,1,30,0,0,1000,0,0,4,1
1070,300,30,30,30,1,1,30,0,0,1000,0,0,4,1
1071,300,30,30,30,1,1,30,0,0,1000,0,0,4,1
1072,300,30,30,30,1,1,30,0,0,1000,0,0,4,1
1073,300,30,30,30,1,1,30,0,0,1000,0,0,4,1
1074,300,30,30,30,1,1,30,0,0,1000,0,0,4,1
1075,300,30,30,30,1,1,30,0,0,1000,0,0,4,1
1076,300,30,30,30,1,1,30,0,0,1000,0,0,4,1
1077,300,30,30,30,1,1,30,0,0,1000,0,0,4,1
1078,300,30,30,30,1,1,30,0,0,1000,0,0,4,1
1079,300,30,30,30,1,1,30,0,0,1000,0,0,4,1
1080,300,30,30,30,1,1,30,0,0,1000,0,0,4,1
1081,300,30,30,30,1,1,30,0,0,1000,0,0,4,1
1082,300,30,30,30,1,1,30,0,0,1000,0,0,4,1
1083,300,30,30,30,1,1,30,0,0,1000,0,0,4,1
1084,300,30,30,30,1,1,30,0,0,1000,0,0,4,1
1085,300,30,30,30,1,1,30,0,0,1000,0,0,4,1
1086,300,30,30,30,1,1,30,0,0,1000,0,0,4,1
1087,300,30,30,30,1,1,30,0,0,1000,0,0,4,1
1088,300,30,30,30,1,1,30,0,0,1000,0,0,4,1
1089,300,30,30,30,1,1,30,0,0,1000,0,0,4,1
1090,300,30,30,30,1,1,30,0,0,1000,0,0,4,1
1091,300,30,30,30,1,1,30,0,0,1000,0,0,4,1
1092,300,30,30,30,1,1,30,0,0,1000,0,0,4,1
1093,300,30,30,30,1,1,30,0,0,1000,0,0,4,1
1094,300,30,30,30,1,1,30,0,0,1000,0,0,4,1
1095,300,30,30,30,1,1,30,0,0,1000,0,0,4,1
1096,300,30,30,30,1,1,30,0,0,1000,0,0,4,1
1097,300,30,30,30,1,1,30,0,0,1000,0,0,4,1
1098,300,30,30,30,1,1,30,0,0,1000,0,0,4,1
1099,300,30,30,30,1,1,30,0,0,1000,0,0,4,1
1100,300,30,30,30,1,1,30,0,0,1000,0,0,4,1
1101,300,30,30,30,1,1,30,0,0,1000,0,0,4,1
1102,300,30,30,30,1,1,30,0,0,1000,0,0,4,1
1103,300,30,30,30,1,1,30,0,0,1000,0,0,4,1
1104,300,30,30,30,1,1,30,0,0,1000,0,0,4,1
1105,300,30,30,30,1,1,30,0,0,1000,0,0,4,1
1106,300,30,30,30,1,1,30,0,0,1000,0,0,4,1
1107,300,30,30,30,1,1,30,0,0,1000,0,0,4,1
1108,300,30,30,30,1,1,30,0,0,1000,0,0,4,1
1109,300,30,30,30,1,1,30,0,0,1000,0,0,4,1
1110,300,30,30,30,1,1,30,0,0,1000,0,0,4,1
1111,300,30,30,30,1,1,30,0,0,1000,0,0,4,1
1112,300,30,30,30,1,1,30,0,0,1000,0,0,4,1
1113,300,30,30,30,1,1,30,0,0,1000,0,0,4,1
1114,300,30,30,30,1,1,30,0,0,1000,0,0,4,1
1115,300,30,30,30,1,1,30,0,0,1000,0,0,4,1
1116,300,30,30,30,1,1,30,0,0,1000,0,0,4,1
1117,300,30,30,30,1,1,30,0,0,1000,0,0,4,1
1118,300,30,30,30,1,1,30,0,0,1000,0,0,4,1
1119,300,30,30,30,1,1,30,0,0,1000,0,0,4,1
1120,300,30,30,30,1,1,30,0,0,1000,0,0,4,1
1121,300,30,30,30,1,1,30,0,0,1000,0,0,4,1
1122,300,30,30,30,1,1,30,0,0,1000,0,0,4,1
1123,300,30,30,30,1,1,30,0,0,1000,0,0,4,1
1124,300,30,30,30,1,1,30,0,0,1000,0,0,4,1
1125,300,30,30,30,1,1,30,0,0,1000,0,0,4,1
1126,300,30,30,30,1,1,30,0,0,1000,0,0,4,1
1127,300,30,30,30,1,1,30,0,0,1000,0,0,4,1
1128,300,30,30,30,1,1,30,0,0,1000,0,0,4,1
1129,300,30,30,30,1,1,30,0,0,1000,0,0,4,1
1130,300,30,30,30,1,1,30,0,0,1000,0,0,4,1
1131,300,30,30,30,1,1,30,0,0,1000,0,0,4,1
1132,300,30,30,30,1,1,30,0,0,1000,0,0,4,1
1133,300,30,30,30,1,1,30,0,0,1000,0,0,4,1
1134,300,30,30,30,1,1,30,0,0,1000,0,0,4,1
1135,300,30,30,30,1,1,30,0,0,1000,0,0,4,1
1136,300,30,30,30,1,1,30,0,0,1000,0,0,4,1
1137,300,30,30,30,1,1,30,0,0,1000,0,0,4,1
1138,300,30,30,30,1,1,30,0,0,1000,0,0,4,1
1139,300,30,30,30,1,1,30,0,0,1000,0,0,4,1
1140,300,30,30,30,1,1,30,0,0,1000,0,0,4,1
1141,300,30,30,30,1,1,30,0,0,1000,0,0,4,1
1142,300,30,30,30,1,1,30,0,0,1000,0,0,4,1
1143,300,30,30,30,1,1,30,0,0,1000,0,0,4,1
1144,300,30,30,30,1,1,30,0,0,1000,0,0,4,1
1145,300,30,30,30,1,1,30,0,0,1000,0,0,4,1
1146,300,30,30,30,1,1,30,0,0,1000,0,0,4,1
1147,300,30,30,30,1,1,30,0,0,1000,0,0,4,1
1148,300,30,30,30,1,1,30,0,0,1000,0,0,4,1
1149,300,30,30,30,1,1,30,0,0,1000,0,0,4,1
1150,300,30,30,30,1,1,30,0,0,1000,0,0,4,1
1151,300,30,30,30,1,1,30,0,0,1000,0,0,4,1
1152,300,30,30,30,1,1,30,0,0,1000,0,0,4,1
1153,300,30,30,30,1,1,30,0,0,1000,0,0,4,1
1154,300,30,30,30,1,1,30,0,0,1000,0,0,4,1
1155,300,30,30,30,1,1,30,0,0,1000,0,0,4,1
1156,300,30,30,30,1,1,30,0,0,1000,0,0,4,1
1157,300,30,30,30,1,1,30,0,0,1000,0,0,4,1
1158,300,30,30,30,1,1,30,0,0,1000,0,0,4,1
1159,300,30,30,30,1,1,30,0,0,1000,0,0,4,1
1160,300,30,30,30,1,1,30,0,0,1000,0,0,4,1
1161,300,30,30,30,1,1,30,0,0,1000,0,0,4,1
1162,300,30,30,30,1,1,30,0,0,1000,0,0,4,1
1163,300,30,30,30,1,1,30,0,0,1000,0,0,4,1
1164,300,30,30,30,1,1,30,0,0,1000,0,0,4,1
1165,300,30,30,30,1,1,30,0,0,1000,0,0,4,1
1166,300,30,30,30,1,1,30,0,0,1000,0,0,4,1
1167,300,30,30,30,1,1,30,0,0,1000,0,0,4,1
1168,300,30,30,30,1,1,30,0,0,1000,0,0,4,1
1169,300,30,30,30,1,1,30,0,0,1000,0,0,4,1
1170,300,30,30,30,1,1,30,0,0,1000,0,0,4,1
1171,300,30,30,30,1,1,30,0,0,1000,0,0,4,1
1172,300,30,30,30,1,1,30,0,0,1000,0,0,4,1
1173,300,30,30,30,1,1,30,0,0,1000,0,0,4,1
1174,300,30,30,30,1,1,30,0,0,1000,0,0,4,1
1175,300,30,30,30,1,1,30,0,0,1000,0,0,4,1
1176,300,30,30,30,1,1,30,0,0,1000,0,0,4,1
1177,300,30,30,30,1,1,30,0,0,1000,0,0,4,1
1178,300,30,30,30,1,1,30,0,0,1000,0,0,4,1
1179,300,30,30,30,1,1,30,0,0,1000,0,0,4,1
1180,300,30,30,30,1,1,30,0,0,1000,0,0,4,1
1181,300,30,30,30,1,1,30,0,0,1000,0,0,4,1
1182,300,30,30,30,1,1,30,0,0,1000,0,0,4,1
1183,300,30,30,30,1,1,30,0,0,1000,0,0,4,1
1184,300,30,30,30,1,1,30,0,0,1000,0,0,4,1
1185,300,30,30,30,1,1,30,0,0,1000,0,0,4,1
1186,300,30,30,30,1,1,30,0,0,1000,0,0,4,1
1187,300,30,30,30,1,1,30,0,0,1000,0,0,4,1
1188,300,30,30,30,1,1,30,0,0,1000,0,0,4,1
1189,300,30,30,30,1,1,30,0,0,1000,0,0,4,1
1190,300,30,30,30,1,1,30,0,0,1000,0,0,4,1
1191,300,30,30,30,1,1,30,0,0,1000,0,0,4,1
1192,300,30,30,30,1,1,30,0,0,1000,0,0,4,1
1193,300,30,30,30,1,1,30,0,0,1000,0,0,4,1
1194,300,30,30,30,1,1,30,0,0,1000,0,0,4,1
1195,300,30,30,30,1,1,30,0,0,1000,0,0,4,1
1196,300,30,30,30,1,1,30,0,0,1000,0,0,4,1
1197,300,30,30,30,1,1,30,0,0,1000,0,0,4,1
1198,300,30,30,30,1,1,30,0,0,1000,0,0,4,1
1199,300,30,30,30,1,1,30,0,0,1000,0,0,4,1
1200,300,30,30,30,1,1,30,0,0,1000,0,0,4,1
1201,300,30,30,30,1,1,30,0,0,1000,0,0,4,1
1202,300,30,30,30,1,1,30,0,0,1000,0,0,4,1
1203,300,30,30,30,1,1,30,0,0,1000,0,0,4,1
1204,300,30,30,30,1,1,30,0,0,1000,0,0,4,1
1205,300,30,30,30,1,1,30,0,0,1000,0,0,4,1
1206,300,30,30,30,1,1,30,0,0,1000,0,0,4,1
1207,300,30,30,30,1,1,30,0,0,1000,0,0,4,1
1208,300,30,30,30,1,1,30,0,0,1000,0,0,4,1
1209,300,30,30,30,1,1,30,0,0,1000,0,0,4,1
1210,300,30,30,30,1,1,30,0,0,1000,0,0,4,1
1211,300,30,30,30,1,1,30,0,0,1000,0,0,4,1
1212,300,30,30,30,1,1,30,0,0,1000,0,0,4,1
1213,300,30,30,30,1,1,30,0,0,1000,0,0,4,1
1214,300,30,30,30,1,1,30,0,0,1000,0,0,4,1
1215,300,30,30,30,1,1,30,0,0,1000,0,0,4,1
1216,300,30,30,30,1,1,30,0,0,1000,0,0,4,1
1217,300,30,30,30,1,1,30,0,0,1000,0,0,4,1
1218,300,30,30,30,1,1,30,0,0,1000,0,0,4,1
1219,300,30,30,30,1,1,30,0,0,1000,0,0,4,1
1220,300,30,30,30,1,1,30,0,0,1000,0,0,4,1
1221,300,30,30,30,1,1,30,0,0,1000,0,0,4,1
1222,300,30,30,30,1,1,30,0,0,1000,0,0,4,1
1223,300,30,30,30,1,1,30,0,0,1000,0,0,4,1
1224,300,30,30,30,1,1,30,0,0,1000,0,0,4,1
1225,300,30,30,30,1,1,30,0,0,1000,0,0,4,1
1226,300,30,30,30,1,1,30,0,0,1000,0,0,4,1
1227,300,30,30,30,1,1,30,0,0,1000,0,0,4,1
1228,300,30,30,30,1,1,30,0,0,1000,0,0,4,1
1229,300,30,30,30,1,1,30,0,0,1000,0,0,4,1
1230,300,30,30,30,1,1,30,0,0,1000,0,0,4,1
1231,300,30,30,30,1,1,30,0,0,1000,0,0,4,1
1232,300,30,30,30,1,1,30,0,0,1000,0,0,4,1
1233,300,30,30,30,1,1,30,0,0,1000,0,0,4,1
1234,300,30,30,30,1,1,30,0,0,1000,0,0,4,1
1235,300,30,30,30,1,1,30,0,0,1000,0,0,4,1
1236,300,30,30,30,1,1,30,0,0,1000,0,0,4,1
1237,300,30,30,30,1,1,30,0,0,1000,0,0,4,1
1238,300,30,30,30,1,1,30,0,0,1000,0,0,4,1
1239,300,30,30,30,1,1,30,0,0,1000,0,0,4,1
1240,300,30,30,30,1,1,30,0,0,1000,0,0,4,1
1241,300,30,30,30,1,1,30,0,0,1000,0,0,4,1
1242,300,30,30,30,1,1,30,0,0,1000,0,0,4,1
1243,300,30,30,30,1,1,30,0,0,1000,0,0,4,1
1244,300,30,30,30,1,1,30,0,0,1000,0,0,4,1
1245,300,30,30,30,1,1,30,0,0,1000,0,0,4,1
1246,300,30,30,30,1,1,30,0,0,1000,0,0,4,1
1247,300,30,30,30,1,1,30,0,0,1000,0,0,4,1
1248,300,30,30,30,1,1,30,0,0,1000,0,0,4,1
1249,300,30,30,30,1,1,30,0,0,1000,0,0,4,1
1250,300,30,30,30,1,1,30,0,0,1000,0,0,4,1
1251,300,30,30,30,1,1,30,0,0,1000,0,0,4,1
1252,300,30,30,30,1,1,30,0,0,1000,0,0,4,1
1253,300,30,30,30,1,1,30,0,0,1000,0,0,4,1
1254,300,30,30,30,1,1,30,0,0,1000,0,0,4,1
1255,300,30,30,30,1,1,30,0,0,1000,0,0,4,1
1256,300,30,30,30,1,1,30,0,0,1000,0,0,4,1
1257,300,30,30,30,1,1,30,0,0,1000,0,0,4,1
1258,300,30,30,30,1,1,30,0,0,1000,0,0,4,1
1259,300,30,30,30,1,1,30,0,0,1000,0,0,4,1
1260,300,30,30,30,1,1,30,0,0,1000,0,0,4,1
1261,300,30,30,30,1,1,30,0,0,1000,0,0,4,1
1262,300,30,30,30,1,1,30,0,0,1000,0,0,4,1
1263,300,30,30,30,1,1,30,0,0,1000,0,0,4,1
1264,300,30,30,30,1,1,30,0,0,1000,0,0,4,1
1265,300,30,30,30,1,1,30,0,0,1000,0,0,4,1
1266,300,30,30,30,1,1,30,0,0,1000,0,0,4,1
1267,300,30,30,30,1,1,30,0,0,1000,0,0,4,1
1268,300,30,30,30,1,1,30,0,0,1000,0,0,4,1
1269,300,30,30,30,1,1,30,0,0,1000,0,0,4,1
1270,300,30,30,30,1,1,30,0,0,1000,0,0,4,1
1271,300,30,30,30,1,1,30,0,0,1000,0,0,4,1
1272,300,30,30,30,1,1,30,0,0,1000,0,0,4,1
1273,300,30,30,30,1,1,30,0,0,1000,0,0,4,1
1274,300,30,30,30,1,1,30,0,0,1000,0,0,4,1
1275,300,30,30,30,1,1,30,0,0,1000,0,0,4,1
1276,300,30,30,30,1,1,30,0,0,1000,0,0,4,1
1277,300,30,30,30,1,1,30,0,0,1000,0,0,4,1
1278,300,30,30,30,1,1,30,0,0,1000,0,0,4,1
1279,300,30,30,30,1,1,30,0,0,1000,0,0,4,1
1280,300,30,30,30,1,1,30,0,0,1000,0,0,4,1
1281,300,30,30,30,1,1,30,0,0,1000,0,0,4,1
1282,300,30,30,30,1,1,30,0,0,1000,0,0,4,1
1283,300,30,30,30,1,1,30,0,0,1000,0,0,4,1
1284,300,30,30,30,1,1,30,0,0,1000,0,0,4,1
1285,300,30,30,30,1,1,30,0,0,1000,0,0,4,1
1286,300,30,30,30,1,1,30,0,0,1000,0,0,4,1
1287,300,30,30,30,1,1,30,0,0,1000,0,0,4,1
1288,300,30,30,30,1,1,30,0,0,1000,0,0,4,1
1289,300,30,30,30,1,1,30,0,0,1000,0,0,4,1
1290,300,30,30,30,1,1,30,0,0,1000,0,0,4,1
1291,300,30,30,30,1,1,30,0,0,1000,0,0,4,1
1292,300,30,30,30,1,1,30,0,0,1000,0,0,4,1
1293,300,30,30,30,1,1,30,0,0,1000,0,0,4,1
1294,300,30,30,30,1,1,30,0,0,1000,0,0,4,1
1295,300,30,30,30,1,1,30,0,0,1000,0,0,4,1
1296,300,30,30,30,1,1,30,0,0,1000,0,0,4,1
1297,300,30,30,30,1,1,30,0,0,1000,0,0,4,1
1298,300,30,30,30,1,1,30,0,0,1000,0,0,4,1
1299,300,30,30,30,1,1,30,0,0,1000,0,0,4,1
1300,300,30,30,30,1,1,30,0,0,1000,0,0,4,1
1301,300,30,30,30,1,1,30,0,0,1000,0,0,4,1
1302,300,30,30,30,1,1,30,0,0,1000,0,0,4,1
1303,300,30,30,30,1,1,30,0,0,1000,0,0,4,1
1304,300,30,30,30,1,1,30,0,0,1000,0,0,4,1
1305,300,30,30,30,1,1,30,0,0,1000,0,0,4,1
1306,300,30,30,30,1,1,30,0,0,1000,0,0,4,1
1307,300,30,30,30,1,1,30,0,0,1000,0,0,4,1
1308,300,30,30,30,1,1,30,0,0,1000,0,0,4,1
1309,300,30,30,30,1,1,30,0,0,1000,0,0,4,1
1310,300,30,30,30,1,1,30,0,0,1000,0,0,4,1
1311,300,30,30,30,1,1,30,0,0,1000,0,0,4,1
1312,300,30,30,30,1,1,30,0,0,1000,0,0,4,1
1313,300,30,30,30,1,1,30,0,0,1000,0,0,4,1
1314,300,30,30,30,1,1,30,0,0,1000,0,0,4,1
1315,300,30,30,30,1,1,30,0,0,1000,0,0,4,1
1316,300,30,30,30,1,1,30,0,0,1000,0,0,4,1
1317,300,30,30,30,1,1,30,0,0,1000,0,0,4,1
1318,300,30,30,30,1,1,30,0,0,1000,0,0,4,1
1319,300,30,30,30,1,1,30,0,0,1000,0,0,4,1
1320,300,30,30,30,1,1,30,0,0,1000,0,0,4,1
1321,300,30,30,30,1,1,30,0,0,1000,0,0,4,1
1322,300,30,30,30,1,1,30,0,0,1000,0,0,4,1
1323,300,30,30,30,1,1,30,0,0,1000,0,0,4,1
1324,300,30,30,30,1,1,30,0,0,1000,0,0,4,1
1325,300,30,30,30,1,1,30,0,0,1000,0,0,4,1
1326,300,30,30,30,1,1,30,0,0,1000,0,0,4,1
1327,300,30,30,30,1,1,30,0,0,1000,0,0,4,1
1328,300,30,30,30,1,1,30,0,0,1000,0,0,4,1
1329,300,30,30,30,1,1,30,0,0,1000,0,0,4,1
1330,300,30,30,30,1,1,30,0,0,1000,0,0,4,1
1331,300,30,30,30,1,1,30,0,0,1000,0,0,4,1
1332,300,30,30,30,1,1,30,0,0,1000,0,0,4,1
1333,300,30,30,30,1,1,30,0,0,1000,0,0,4,1
1334,300,30,30,30,1,1,30,0,0,1000,0,0,4,1
1335,300,30,30,30,1,1,30,0,0,1000,0,0,4,1
1336,300,30,30,30,1,1,30,0,0,1000,0,0,4,1
1337,300,30,30,30,1,1,30,0,0,1000,0,0,4,1
1338,300,30,30,30,1,1,30,0,0,1000,0,0,4,1
1339,300,30,30,30,1,1,30,0,0,1000,0,0,4,1
1340,300,30,30,30,1,1,30,0,0,1000,0,0,4,1
1341,300,30,30,30,1,1,30,0,0,1000,0,0,4,1
1342,300,30,30,30,1,1,30,0,0,1000,0,0,4,1
1343,300,30,30,30,1,1,30,0,0,1000,0,0,4,1
1344,300,30,30,30,1,1,30,0,0,1000,0,0,4,1
1345,300,30,30,30,1,1,30,0,0,1000,0,0,4,1
1346,300,30,30,30,1,1,30,0,0,1000,0,0,4,1
1347,300,30,30,30,1,1,30,0,0,1000,0,0,4,1
1348,300,30,30,30,1,1,30,0,0,1000,0,0,4,1
1349,300,30,30,30,1,1,30,0,0,1000,0,0,4,1
1350,300,30,30,30,1,1,30,0,0,1000,0,0,4,1
1351,300,30,30,30,1,1,30,0,0,1000,0,0,4,1
1352,300,30,30,30,1,1,30,0,0,1000,0,0,4,1
1353,300,30,30,30,1,1,30,0,0,1000,0,0,4,1
1354,300,30,30,30,1,1,30,0,0,1000,0,0,4,1
1355,300,30,30,30,1,1,30,0,0,1000,0,0,4,1
1356,300,30,30,30,1,1,30,0,0,1000,0,0,4,1
1357,300,30,30,30,1,1,30,0,0,1000,0,0,4,1
1358,300,30,30,30,1,1,30,0,0,1000,0,0,4,1
1359,300,30,30,30,1,1,30,0,0,1000,0,0,4,1
1360,300,30,30,30,1,1,30,0,0,1000,0,0,4,1
1361,300,30,30,30,1,1,30,0,0,1000,0,0,4,1
1362,300,30,30,30,1,1,30,0,0,1000,0,0,4,1
1363,300,30,30,30,1,1,30,0,0,1000,0,0,4,1
1364,300,30,30,30,1,1,30,0,0,1000,0,0,4,1
1365,300,30,30,30,1,1,30,0,0,1000,0,0,4,1
1366,300,30,30,30,1,1,30,0,0,1000,0,0,4,1
1367,300,30,30,30,1,1,30,0,0,1000,0,0,4,1
1368,300,30,30,30,1,1,30,0,0,1000,0,0,4,1
1369,300,30,30,30,1,1,30,0,0,1000,0,0,4,1
1370,300,30,30,30,1,1,30,0,0,1000,0,0,4,1
1371,300,30,30,30,1,1,30,0,0,1000,0,0,4,1
1372,300,30,30,30,1,1,30,0,0,1000,0,0,4,1
1373,300,30,30,30,1,1,30,0,0,1000,0,0,4,1
1374,300,30,30,30,1,1,30,0,0,1000,0,0,4,1
1375,300,30,30,30,1,1,30,0,0,1000,0,0,4,1
1376,300,30,30,30,1,1,30,0,0,1000,0,0,4,1
1377,300,30,30,30,1,1,30,0,0,1000,0,0,4,1
1378,300,30,30,30,1,1,30,0,0,1000,0,0,4,1
1379,300,30,30,30,1,1,30,0,0,1000,0,0,4,1
1380,300,30,30,30,1,1,30,0,0,1000,0,0,4,1
1381,300,30,30,30,1,1,30,0,0,1000,0,0,4,1
1382,300,30,30,30,1,1,30,0,0,1000,0,0,4,1
1383,300,30,30,30,1,1,30,0,0,1000,0,0,4,1
1384,300,30,30,30,1,1,30,0,0,1000,0,0,4,1
1385,300,30,30,30,1,1,30,0,0,1000,0,0,4,1
1386,300,30,30,30,1,1,30,0,0,1000,0,0,4,1
1387,300,30,30,30,1,1,30,0,0,1000,0,0,4,1
1388,300,30,30,30,1,1,30,0,0,1000,0,0,4,1
1389,300,30,30,30,1,1,30,0,0,1000,0,0,4,1
1390,300,30,30,30,1,1,30,0,0,1000,0,0,4,1
1391,300,30,30,30,1,1,30,0,0,1000,0,0,4,1
1392,300,30,30,30,1,1,30,0,0,1000,0,0,4,1
1393,300,30,30,30,1,1,30,0,0,1000,0,0,4,1
1394,300,30,30,30,1,1,30,0,0,1000,0,0,4,1
1395,300,30,30,30,1,1,30,0,0,1000,0,0,4,1
1396,300,30,30,30,1,1,30,0,0,1000,0,0,4,1
1397,300,30,30,30,1,1,30,0,0,1000,0,0,4,1
1398,300,30,30,30,1,1,30,0,0,1000,0,0,4,1
1399,300,30,30,30,1,1,30,0,0,1000,0,0,4,1
1400,300,30,30,30,1,1,30,0,0,1000,0,0,4,1
1401,300,30,30,30,1,1,30,0,0,1000,0,0,4,1
1402,300,30,30,30,1,1,30,0,0,1000,0,0,4,1
1403,300,30,30,30,1,1,30,0,0,1000,0,0,4,1
1404,300,30,30,30,1,1,30,0,0,1000,0,0,4,1
1405,300,30,30,30,1,1,30,0,0,1000,0,0,4,1
1406,300,30,30,30,1,1,30,0,0,1000,0,0,4,1
1407,300,30,30,30,1,1,30,0,0,1000,0,0,4,1
1408,300,30,30,30,1,1,30,0,0,1000,0,0,4,1
1409,300,30,30,30,1,1,30,0,0,1000,0,0,4,1
1410,300,30,30,30,1,1,30,0,0,1000,0,0,4,1
1411,300,30,30,30,1,1,30,0,0,1000,0,0,4,1
1412,300,30,30,30,1,1,30,0,0,1000,0,0,4,1
1413,300,30,30,30,1,1,30,0,0,1000,0,0,4,1
1414,300,30,30,30,1,1,30,0,0,1000,0,0,4,1
1415,300,30,30,30,1,1,30,0,0,1000,0,0,4,1
1416,300,30,30,30,1,1,30,0,0,1000,0,0,4,1
1417,300,30,30,30,1,1,30,0,0,1000,0,0,4,1
1418,300,30,30,30,1,1,30,0,0,1000,0,0,4,1
1419,300,30,30,30,1,1,30,0,0,1000,0,0,4,1
1420,300,30,30,30,1,1,30,0,0,1000,0,0,4,1
1421,300,30,30,30,1,1,30,0,0,1000,0,0,4,1
1422,300,30,30,30,1,1,30,0,0,1000,0,0,4,1
1423,300,30,30,30,1,1,30,0,0,1000,0,0,4,1
1424,300,30,30,30,1,1,30,0,0,1000,0,0,4,1
1425,300,30,30,30,1,1,30,0,0,1000,0,0,4,1
1426,300,30,30,30,1,1,30,0,0,1000,0,0,4,1
1427,300,30,30,30,1,1,30,0,0,1000,0,0,4,1
1428,300,30,30,30,1,1,30,0,0,1000,0,0,4,1
1429,300,30,30,30,1,1,30,0,0,1000,0,0,4,1
1430,300,30,30,30,1,1,30,0,0,1000,0,0,4,1
1431,300,30,30,30,1,1,30,0,0,1000,0,0,4,1
1432,300,30,30,30,1,1,30,0,0,1000,0,0,4,1
1433,300,30,30,30,1,1,30,0,0,1000,0,0,4,1
1434,300,30,30,30,1,1,30,0,0,1000,0,0,4,1
1435,300,30,30,30,1,1,30,0,0,1000,0,0,4,1
1436,300,30,30,30,1,1,30,0,0,1000,0,0,4,1
1437,300,30,30,30,1,1,30,0,0,1000,0,0,4,1
1438,300,30,30,30,1,1,30,0,0,1000,0,0,4,1
1439,300,30,30,30,1,1,30,0,0,1000,0,0,4,1
1440,300,30,30,30,1,1,30,0,0,1000,0,0,4,1
1441,300,30,30,30,1,1,30,0,0,1000,0,0,4,1
1442,300,30,30,30,1,1,30,0,0,1000,0,0,4,1
1443,300,30,30,30,1,1,30,0,0,1000,0,0,4,1
1444,300,30,30,30,1,1,30,0,0,1000,0,0,4,1
1445,300,30,30,30,1,1,30,0,0,1000,0,0,4,1
1446,300,30,30,30,1,1,30,0,0,1000,0,0,4,1
1447,300,30,30,30,1,1,30,0,0,1000,0,0,4,1
1448,300,30,30,30,1,1,30,0,0,1000,0,0,4,1
1449,300,30,30,30,1,1,30,0,0,1000,0,0,4,1
1450,300,30,30,30,1,1,30,0,0,1000,0,0,4,1
1451,300,30,30,30,1,1,30,0,0,1000,0,0,4,1
1452,300,30,30,30,1,1,30,0,0,1000,0,0,4,1
1453,300,30,30,30,1,1,30,0,0,1000,0,0,4,1
1454,300,30,30,30,1,1,30,0,0,1000,0,0,4,1
1455,300,30,30,30,1,1,30,0,0,1000,0,0,4,1
1456,300,30,30,30,1,1,30,0,0,1000,0,0,4,1
1457,300,30,30,30,1,1,30,0,0,1000,0,0,4,1
1458,300,30,30,30,1,1,30,0,0,1000,0,0,4,1
1459,300,30,30,30,1,1,30,0,0,1000,0,0,4,1
1460,300,30,30,30,1,1,30,0,0,1000,0,0,4,1
1461,300,30,30,30,1,1,30,0,0,1000,0,0,4,1
1462,300,30,30,30,1,1,30,0,0,1000,0,0,4,1
1463,300,30,30,30,1,1,30,0,0,1000,0,0,4,1
1464,300,30,30,30,1,1,30,0,0,1000,0,0,4,1
1465,300,30,30,30,1,1,30,0,0,1000,0,0,4,1
1466,300,30,30,30,1,1,30,0,0,1000,0,0,4,1
1467,300,30,30,30,1,1,30,0,0,1000,0,0,4,1
1468,300,30,30,30,1,1,30,0,0,1000,0,0,4,1
1469,300,30,30,30,1,1,30,0,0,1000,0,0,4,1
1470,300,30,30,30,1,1,30,0,0,1000,0,0,4,1
1471,300,30,30,30,1,1,30,0,0,1000,0,0,4,1
1472,300,30,30,30,1,1,30,0,0,1000,0,0,4,1
1473,300,30,30,30,1,1,30,0,0,1000,0,0,4,1
1474,300,30,30,30,1,1,30,0,0,1000,0,0,4,1
1475,300,30,30,30,1,1,30,0,0,1000,0,0,4,1
1476,300,30,30,30,1,1,30,0,0,1000,0,0,4,1
1477,300,30,30,30,1,1,30,0,0,1000,0,0,4,1
1478,300,30,30,30,1,1,30,0,0,1000,0,0,4,1
1479,300,30,30,30,1,1,30,0,0,1000,0,0,4,1
1480,300,30,30,30,1,1,30,0,0,1000,0,0,4,1
1481,300,30,30,30,1,1,30,0,0,1000,0,0,4,1
1482,300,30,30,30,1,1,30,0,0,1000,0,0,4,1
1483,300,30,30,30,1,1,30,0,0,1000,0,0,4,1
1484,300,30,30,30,1,1,30,0,0,1000,0,0,4,1
1485,300,30,30,30,1,1,30,0,0,1000,0,0,4,1
1486,300,30,30,30,1,1,30,0,0,1000,0,0,4,1
1487,300,30,30,30,1,1,30,0,0,1000,0,0,4,1
1488,300,30,30,30,1,1,30,0,0,1000,0,0,4,1
1489,300,30,30,30,1,1,30,0,0,1000,0,0,4,1
1490,300,30,30,30,1,1,30,0,0,1000,0,0,4,1
1491,300,30,30,30,1,1,30,0,0,1000,0,0,4,1
1492,300,30,30,30,1,1,30,0,0,1000,0,0,4,1
1493,300,30,30,30,1,1,30,0,0,1000,0,0,4,1
1494,300,30,30,30,1,1,30,0,0,1000,0,0,4,1
1495,300,30,30,30,1,1,30,0,0,1000,0,0,4,1
1496,300,30,30,30,1,1,30,0,0,1000,0,0,4,1
1497,300,30,30,30,1,1,30,0,0,1000,0,0,4,1
1498,300,30,30,30,1,1,30,0,0,1000,0,0,4,1
1499,300,30,30,30,1,1,30,0,0,1000,0,0,4,1
1500,300,30,30,30,1,1,30,0,0,1000,0,0,4,1
1501,300,30,30,30,1,1,30,0,0,1000,0,0,4,1
1502,300,30,30,30,1,1,30,0,0,1000,0,0,4,1
1503,300,30,30,30,1,1,30,0,0,1000,0,0,4,1
1504,300,30,30,30,1,1,30,0,0,1000,0,0,4,1
1505,300,30,30,30,1,1,30,0,0,1000,0,0,4,1
1506,300,30,30,30,1,1,30,0,0,1000,0,0,4,1
1507,300,30,30,30,1,1,30,0,0,1000,0,0,4,1
1508,300,30,30,30,1,1,30,0,0,1000,0,0,4,1
1509,300,30,30,30,1,1,30,0,0,1000,0,0,4,1
1510,300,30,30,30,1,1,30,0,0,1000,0,0,4,1
1511,300,30,30,30,1,1,30,0,0,1000,0,0,4,1
1512,300,30,30,30,1,1,30,0,0,1000,0,0,4,1
1513,300,30,30,30,1,1,30,0,0,1000,0,0,4,1
1514,300,30,30,30,1,1,30,0,0,1000,0,0,4,1
1515,300,30,30,30,1,1,30,0,0,1000,0,0,4,1
1516,300,30,30,30,1,1,30,0,0,1000,0,0,4,1
1517,300,30,30,30,1,1,30,0,0,1000,0,0,4,1
1518,300,30,30,30,1,1,30,0,0,1000,0,0,4,1
1519,300,30,30,30,1,1,30,0,0,1000,0,0,4,1
1520,300,30,30,30,1,1,30,0,0,1000,0,0,4,1
1521,300,30,30,30,1,1,30,0,0,1000,0,0,4,1
1522,300,30,30,30,1,1,30,0,0,1000,0,0,4,1
1523,300,30,30,30,1,1,30,0,0,1000,0,0,4,1
1524,300,30,30,30,1,1,30,0,0,1000,0,0,4,1
1525,300,30,30,30,1,1,30,0,0,1000,0,0,4,1
1526,300,30,30,30,1,1,30,0,0,1000,0,0,4,1
1527,300,30,30,30,1,1,30,0,0,1000,0,0,4,1
1528,300,30,30,30,1,1,30,0,0,1000,0,0,4,1
1529,300,30,30,30,1,1,30,0,0,1000,0,0,4,1
1530,300,30,30,30,1,1,30,0,0,1000,0,0,4,1
1531,300,30,30,30,1,1,30,0,0,1000,0,0,4,1
1532,300,30,30,30,1,1,30,0,0,1000,0,0,4,1
1533,300,30,30,30,1,1,30,0,0,1000,0,0,4,1
1534,300,30,30,30,1,1,30,0,0,1000,0,0,4,1
1535,300,30,30,30,1,1,30,0,0,1000,0,0,4,1
1536,300,30,30,30,1,1,30,0,0,1000,0,0,4,1
1537,300,30,30,30,1,1,30,0,0,1000,0,0,4,1
1538,300,30,30,30,1,1,30,0,0,1000,0,0,4,1
1539,300,30,30,30,1,1,30,0,0,1000,0,0,4,1
1540,300,30,30,30,1,1,30,0,0,1000,0,0,4,1
1541,300,30,30,30,1,1,30,0,0,1000,0,0,4,1
1542,300,30,30,30,1,1,30,0,0,1000,0,0,4,1
1543,300,30,30,30,1,1,30,0,0,1000,0,0,4,1
1544,300,30,30,30,1,1,30,0,0,1000,0,0,4,1
1545,300,30,30,30,1,1,30,0,0,1000,0,0,4,1
1546,300,30,30,30,1,1,30,0,0,1000,0,0,4,1
1547,300,30,30,30,1,1,30,0,0,1000,0,0,4,1
1548,300,30,30,30,1,1,30,0,0,1000,0,0,4,1
1549,300,30,30,30,1,1,30,0,0,1000,0,0,4,1
1550,300,30,30,30,1,1,30,0,0,1000,0,0,4,1
1551,300,30,30,30,1,1,30,0,0,1000,0,0,4,1
1552,300,30,30,30,1,1,30,0,0,1000,0,0,4,1
1553,300,30,30,30,1,1,30,0,0,1000,0,0,4,1
1554,300,30,30,30,1,1,30,0,0,1000,0,0,4,1
1555,300,30,30,30,1,1,30,0,0,1000,0,0,4,1
1556,300,30,30,30,1,1,30,0,0,1000,0,0,4,1
1557,300,30,30,30,1,1,30,0,0,1000,0,0,4,1
1558,300,30,30,30,1,1,30,0,0,1000,0,0,4,1
1559,300,30,30,30,1,1,30,0,0,1000,0,0,4,1
1560,300,30,30,30,1,1,30,0,0,1000,0,0,4,1
1561,300,30,30,30,1,1,30,0,0,1000,0,0,4,1
1562,300,30,30,30,1,1,30,0,0,1000,0,0,4,1
1563,300,30,30,30,1,1,30,0,0,1000,0,0,4,1
1564,300,30,30,30,1,1,30,0,0,1000,0,0,4,1
1565,300,30,30,30,1,1,30,0,0,1000,0,0,4,1
1566,300,30,30,30,1,1,30,0,0,1000,0,0,4,1
1567,300,30,30,30,1,1,30,0,0,1000,0,0,4,1
1568,300,30,30,30,1,1,30,0,0,1000,0,0,4,1
1569,300,30,30,30,1,1,30,0,0,1000,0,0,4,1
1570,300,30,30,30,1,1,30,0,0,1000,0,0,4,1
1571,300,30,30,30,1,1,30,0,0,1000,0,0,4,1
1572,300,30,30,30,1,1,30,0,0,1000,0,0,4,1
1573,300,30,30,30,1,1,30,0,0,1000,0,0,4,1
1574,300,30,30,30,1,1,30,0,0,1000,0,0,4,1
1575,300,30,30,30,1,1,30,0,0,1000,0,0,4,1
1576,300,30,30,30,1,1,30,0,0,1000,0,0,4,1
1577,300,30,30,30,1,1,30,0,0,1000,0,0,4,1
1578,300,30,30,30,1,1,30,0,0,1000,0,0,4,1
1579,300,30,30,30,1,1,30,0,0,1000,0,0,4,1
1580,300,30,30,30,1,1,30,0,0,1000,0,0,4,1
1581,300,30,30,30,1,1,30,0,0,1000,0,0,4,1
1582,300,30,30,30,1,1,30,0,0,1000,0,0,4,1
1583,300,30,30,30,1,1,30,0,0,1000,0,0,4,1
1584,300,30,30,30,1,1,30,0,0,1000,0,0,4,1
1585,300,30,30,30,1,1,30,0,0,1000,0,0,4,1
1586,300,30,30,30,1,1,30,0,0,1000,0,0,4,1
1587,300,30,30,30,1,1,30,0,0,1000,0,0,4,1
1588,300,30,30,30,1,1,30,0,0,1000,0,0,4,1
1589,300,30,30,30,1,1,30,0,0,1000,0,0,4,1
1590,300,30,30,30,1,1,30,0,0,1000,0,0,4,1
1591,300,30,30,30,1,1,30,0,0,1000,0,0,4,1
1592,300,30,30,30,1,1,30,0,0,1000,0,0,4,1
1593,300,30,30,30,1,1,30,0,0,1000,0,0,4,1
1594,300,30,30,30,1,1,30,0,0,1000,0,0,4,1
1595,300,30,30,30,1,1,30,0,0,1000,0,0,4,1
1596,300,30,30,30,1,1,30,0,0,1000,0,0,4,1
1597,300,30,30,30,1,1,30,0,0,1000,0,0,4,1
1598,300,30,30,30,1,1,30,0,0,1000,0,0,4,1
1599,300,30,30,30,1,1,30,0,0,1000,0,0,4,1
1600,300,30,30,30,1,1,30,0,0,1000,0,0,4,1
1601,300,30,30,30,1,1,30,0,0,1000,0,0,4,1
1602,300,30,30,30,1,1,30,0,0,1000,0,0,4,1
1603,300,30,30,30,1,1,30,0,0,1000,0,0,4,1
1604,300,30,30,30,1,1,30,0,0,1000,0,0,4,1
1605,300,30,30,30,1,1,30,0,0,1000,0,0,4,1
1606,300,30,30,30,1,1,30,0,0,1000,0,0,4,1
1607,300,30,30,30,1,1,30,0,0,1000,0,0,4,1
1608,300,30,30,30,1,1,30,0,0,1000,0,0,4,1
1609,300,30,30,30,1,1,30,0,0,1000,0,0,4,1
1610,300,30,30,30,1,1,30,0,0,1000,0,0,4,1
1611,300,30,30,30,1,1,30,0,0,1000,0,0,4,1
1612,300,30,30,30,1,1,30,0,0,1000,0,0,4,1
1613,300,30,30,30,1,1,30,0,0,1000,0,0,4,1
1614,300,30,30,30,1,1,30,0,0,1000,0,0,4,1
1615,300,30,30,30,1,1,30,0,0,1000,0,0,4,1
1616,300,30,30,30,1,1,30,0,0,1000,0,0,4,1
1617,300,30,30,30,1,1,30,0,0,1000,0,0,4,1
1618,300,30,30,30,1,1,30,0,0,1000,0,0,4,1
1619,300,30,30,30,1,1,30,0,0,1000,0,0,4,1
1620,300,30,30,30,1,1,30,0,0,1000,0,0,4,1
1621,300,30,30,30,1,1,30,0,0,1000,0,0,4,1
1622,300,30,30,30,1,1,30,0,0,1000,0,0,4,1
1623,300,30,30,30,1,1,30,0,0,1000,0,0,4,1
1624,300,30,30,30,1,1,30,0,0,1000,0,0,4,1
1625,300,30,30,30,1,1,30,0,0,1000,0,0,4,1
1626,300,30,30,30,1,1,30,0,0,1000,0,0,4,1
1627,300,30,30,30,1,1,30,0,0,1000,0,0,4,1
1628,300,30,30,30,1,1,30,0,0,1000,0,0,4,1
1629,300,30,30,30,1,1,30,0,0,1000,0,0,4,1
1630,300,30,30,30,1,1,30,0,0,1000,0,0,4,1
1631,300,30,30,30,1,1,30,0,0,1000,0,0,4,1
1632,300,30,30,30,1,1,30,0,0,1000,0,0,4,1
1633,300,30,30,30,1,1,30,0,0,1000,0,0,4,1
1634,300,30,30,30,1,1,30,0,0,1000,0,0,4,1
1635,300,30,30,30,1,1,30,0,0,1000,0,0,4,1
1636,300,30,30,30,1,1,30,0,0,1000,0,0,4,1
1637,300,30,30,30,1,1,30,0,0,1000,0,0,4,1
1638,300,30,30,30,1,1,30,0,0,1000,0,0,4,1
1639,300,30,30,30,1,1,30,0,0,1000,0,0,4,1
1640,300,30,30,30,1,1,30,0,0,1000,0,0,4,1
1641,300,30,30,30,1,1,30,0,0,1000,0,0,4,1
1642,300,30,30,30,1,1,30,0,0,1000,0,0,4,1
1643,300,30,30,30,1,1,30,0,0,1000,0,0,4,1
1644,300,30,30,30,1,1,30,0,0,1000,0,0,4,1
1645,300,30,30,30,1,1,30,0,0,1000,0,0,4,1
1646,300,30,30,30,1,1,30,0,0,1000,0,0,4,1
1647,300,30,30,30,1,1,30,0,0,1000,0,0,4,1
1648,300,30,30,30,1,1,30,0,0,1000,0,0,4,1
1649,300,30,30,30,1,1,30,0,0,1000,0,0,4,1
1650,300,30,30,30,1,1,30,0,0,1000,0,0,4,1
1651,300,30,30,30,1,1,30,0,0,1000,0,0,4,1
1652,300,30,30,30,1,1,30,0,0,1000,0,0,4,1
1653,300,30,30,30,1,1,30,0,0,1000,0,0,4,1
1654,300,30,30,30,1,1,30,0,0,1000,0,0,4,1
1655,300,30,30,30,1,1,30,0,0,1000,0,0,4,1
1656,300,30,30,30,1,1,30,0,0,1000,0,0,4,1
1657,300,30,30,30,1,1,30,0,0,1000,0,0,4,1
1658,300,30,30,30,1,1,30,0,0,1000,0,0,4,1
1659,300,30,30,30,1,1,30,0,0,1000,0,0,4,1
1660,300,30,30,30,1,1,30,0,0,1000,0,0,4,1
1661,300,30,30,30,1,1,30,0,0,1000,0,0,4,1
1662,300,30,30,30,1,1,30,0,0,1000,0,0,4,1
1663,300,30,30,30,1,1,30,0,0,1000,0,0,4,1
1664,300,30,30,30,1,1,30,0,0,1000,0,0,4,1
1665,300,30,30,30,1,1,30,0,0,1000,0,0,4,1
1666,300,30,30,30,1,1,30,0,0,1000,0,0,4,1
1667,300,30,30,30,1,1,30,0,0,1000,0,0,4,1
1668,300,30,30,30,1,1,30,0,0,1000,0,0,4,1
1669,300,30,30,30,1,1,30,0,0,1000,0,0,4,1
1670,300,30,30,30,1,1,30,0,0,1000,0,0,4,1
1671,300,30,30,30,1,1,30,0,0,1000,0,0,4,1
1672,300,30,30,30,1,1,30,0,0,1000,0,0,4,1
1673,300,30,30,30,1,1,30,0,0,1000,0,0,4,1
1674,300,30,30,30,1,1,30,0,0,1000,0,0,4,1
1675,300,30,30,30,1,1,30,0,0,1000,0,0,4,1
1676,300,30,30,30,1,1,30,0,0,1000,0,0,4,1
1677,300,30,30,30,1,1,30,0,0,1000,0,0,4,1
1678,300,30,30,30,1,1,30,0,0,1000,0,0,4,1
1679,300,30,30,30,1,1,30,0,0,1000,0,0,4,1
1680,300,30,30,30,1,1,30,0,0,1000,0,0,4,1
1681,300,30,30,30,1,1,30,0,0,1000,0,0,4,1
1682,300,30,30,30,1,1,30,0,0,1000,0,0,4,1
1683,300,30,30,30,1,1,30,0,0,1000,0,0,4,1
1684,300,30,30,30,1,1,30,0,0,1000,0,0,4,1
1685,300,30,30,30,1,1,30,0,0,1000,0,0,4,1
1686,300,30,30,30,1,1,30,0,0,1000,0,0,4,1
1687,300,30,30,30,1,1,30,0,0,1000,0,0,4,1
1688,300,30,30,30,1,1,30,0,0,1000,0,0,4,1
1689,300,30,30,30,1,1,30,0,0,1000,0,0,4,1
1690,300,30,30,30,1,1,30,0,0,1000,0,0,4,1
1691,300,30,30,30,1,1,30,0,0,1000,0,0,4,1
1692,300,30,30,30,1,1,30,0,0,1000,0,0,4,1
1693,300,30,30,30,1,1,30,0,0,1000,0,0,4,1
1694,300,30,30,30,1,1,30,0,0,1000,0,0,4,1
1695,300,30,30,30,1,1,30,0,0,1000,0,0,4,1
1696,300,30,30,30,1,1,30,0,0,1000,0,0,4,1
1697,300,30,30,30,1,1,30,0,0,1000,0,0,4,1
1698,300,30,30,30,1,1,30,0,0,1000,0,0,4,1
1699,300,30,30,30,1,1,30,0,0,1000,0,0,4,1
1700,300,30,30,30,1,1,30,0,0,1000,0,0,4,1
1701,300,30,30,30,1,1,30,0,0,1000,0,0,4,1
1702,300,30,30,30,1,1,30,0,0,1000,0,0,4,1
1703,300,30,30,30,1,1,30,0,0,1000,0,0,4,1
1704,300,30,30,30,1,1,30,0,0,1000,0,0,4,1
1705,300,30,30,30,1,1,30,0,0,1000,0,0,4,1
1706,300,30,30,30,1,1,30,0,0,1000,0,0,4,1
1707,300,30,30,30,1,1,30,0,0,1000,0,0,4,1
1708,300,30,30,30,1,1,30,0,0,1000,0,0,4,1
1709,300,30,30,30,1,1,30,0,0,1000,0,0,4,1
1710,300,30,30,30,1,1,30,0,0,1000,0,0,4,1
1711,300,30,30,30,1,1,30,0,0,1000,0,0,4,1
1712,300,30,30,30,1,1,30,0,0,1000,0,0,4,1
1713,300,30,30,30,1,1,30,0,0,1000,0,0,4,1
1714,300,30,30,30,1,1,30,0,0,1000,0,0,4,1
1715,300,30,30,30,1,1,30,0,0,1000,0,0,4,1
1716,300,30,30,30,1,1,30,0,0,1000,0,0,4,1
1717,300,30,30,30,1,1,30,0,0,1000,0,0,4,1
1718,300,30,30,30,1,1,30,0,0,1000,0,0,4,1
1719,300,30,30,30,1,1,30,0,0,1000,0,0,4,1
1720,300,30,30,30,1,1,30,0,0,1000,0,0,4,1
1721,300,30,30,30,1,1,30,0,0,1000,0,0,4,1
1722,300,30,30,30,1,1,30,0,0,1000,0,0,4,1
1723,300,30,30,30,1,1,30,0,0,1000,0,0,4,1
1724,300,30,30,30,1,1,30,0,0,1000,0,0,4,1
1725,300,30,30,30,1,1,30,0,0,1000,0,0,4,1
1726,300,30,30,30,1,1,30,0,0,1000,0,0,4,1
1727,300,30,30,30,1,1,30,0,0,1000,0,0,4,1
1728,300,30,30,30,1,1,30,0,0,1000,0,0,4,1
1729,300,30,30,30,1,1,30,0,0,1000,0,0,4,1
1730,300,30,30,30,1,1,30,0,0,1000,0,0,4,1
1731,300,30,30,30,1,1,30,0,0,1000,0,0,4,1
1732,300,30,30,30,1,1,30,0,0,1000,0,0,4,1
1733,300,30,30,30,1,1,30,0,0,1000,0,0,4,1
1734,300,30,30,30,1,1,30,0,0,1000,0,0,4,1
1735,300,30,30,30,1,1,30,0,0,1000,0,0,4,1
1736,300,30,30,30,1,1,30,0,0,1000,0,0,4,1
1737,300,30,30,30,1,1,30,0,0,1000,0,0,4,1
1738,300,30,30,30,1,1,30,0,0,1000,0,0,4,1
1739,300,30,30,30,1,1,30,0,0,1000,0,0,4,1
1740,300,30,30,30,1,1,30,0,0,1000,0,0,4,1
1741,300,30,30,30,1,1,30,0,0,1000,0,0,4,1
1742,300,30,30,30,1,1,30,0,0,1000,0,0,4,1
1743,300,30,30,30,1,1,30,0,0,1000,0,0,4,1
1744,300,30,30,30,1,1,30,0,0,1000,0,0,4,1
1745,300,30,30,30,1,1,30,0,0,1000,0,0,4,1
1746,300,30,30,30,1,1,30,0,0,1000,0,0,4,1
1747,300,30,30,30,1,1,30,0,0,1000,0,0,4,1
1748,300,30,30,30,1,1,30,0,0,1000,0,0,4,1
1749,300,30,30,30,1,1,30,0,0,1000,0,0,4,1
1750,300,30,30,30,1,1,30,0,0,1000,0,0,4,1
1751,300,30,30,30,1,1,30,0,0,1000,0,0,4,1
1752,300,30,30,30,1,1,30,0,0,1000,0,0,4,1
1753,300,30,30,30,1,1,30,0,0,1000,0,0,4,1
1754,300,30,30,30,1,1,30,0,0,1000,0,0,4,1
1755,300,30,30,30,1,1,30,0,0,1000,0,0,4,1
1756,300,30,30,30,1,1,30,0,0,1000,0,0,4,1
1757,300,30,30,30,1,1,30,0,0,1000,0,0,4,1
1758,300,30,30,30,1,1,30,0,0,1000,0,0,4,1
1759,300,30,30,30,1,1,30,0,0,1000,0,0,4,1
1760,300,30,30,30,1,1,30,0,0,1000,0,0,4,1
1761,300,30,30,30,1,1,30,0,0,1000,0,0,4,1
1762,300,30,30,30,1,1,30,0,0,1000,0,0,4,1
1763,300,30,30,30,1,1,30,0,0,1000,0,0,4,1
1764,300,30,30,30,1,1,30,0,0,1000,0,0,4,1
1765,300,30,30,30,1,1,30,0,0,1000,0,0,4,1
1766,300,30,30,30,1,1,30,0,0,1000,0,0,4,1
1767,300,30,30,30,1,1,30,0,0,1000,0,0,4,1
1768,300,30,30,30,1,1,30,0,0,1000,0,0,4,1
1769,300,30,30,30,1,1,30,0,0,1000,0,0,4,1
1770,300,30,30,30,1,1,30,0,0,1000,0,0,4,1
1771,300,30,30,30,1,1,30,0,0,1000,0,0,4,1
1772,300,30,30,30,1,1,30,0,0,1000,0,0,4,1
1773,300,30,30,30,1,1,30,0,0,1000,0,0,4,1
1774,300,30,30,30,1,1,30,0,0,1000,0,0,4,1
1775,300,30,30,30,1,1,30,0,0,1000,0,0,4,1
1776,300,30,30,30,1,1,30,0,0,1000,0,0,4,1
1777,300,30,30,30,1,1,30,0,0,1000,0,0,4,1
1778,300,30,30,30,1,1,30,0,0,1000,0,0,4,1
1779,300,30,30,30,1,1,30,0,0,1000,0,0,4,1
1780,300,30,30,30,1,1,30,0,0,1000,0,0,4,1
1781,300,30,30,30,1,1,30,0,0,1000,0,0,4,1
1782,300,30,30,30,1,1,30,0,0,1000,0,0,4,1
1783,300,30,30,30,1,1,30,0,0,1000,0,0,4,1
1784,300,30,30,30,1,1,30,0,0,1000,0,0,4,1
1785,300,30,30,30,1,1,30,0,0,1000,0,0,4,1
1786,300,30,30,30,1,1,30,0,0,1000,0,0,4,1
1787,300,30,30,30,1,1,30,0,0,1000,0,0,4,1
1788,300,30,30,30,1,1,30,0,0,1000,0,0,4,1
1789,300,30,30,30,1,1,30,0,0,1000,0,0,4,1
1790,300,30,30,30,1,1,30,0,0,1000,0,0,4,1
1791,300,30,30,30,1,1,30,0,0,1000,0,0,4,1
1792,300,30,30,30,1,1,30,0,0,1000,0,0,4,1
1793,300,30,30,30,1,1,30,0,0,1000,0,0,4,1
1794,300,30,30,30,1,1,30,0,0,1000,0,0,4,1
1795,300,30,30,30,1,1,30,0,0,1000,0,0,4,1
1796,300,30,30,30,1,1,30,0,0,1000,0,0,4,1
1797,300,30,30,30,1,1,30,0,0,1000,0,0,4,1
1798,300,30,30,30,1,1,30,0,0,1000,0,0,4,1
1799,300,30,30,30,1,1,30,0,0,1000,0,0,4,1
1800,300,30,30,30,1,1,30,0,0,1000,0,0,4,1
1801,300,30,30,30,1,1,30,0,0,1000,0,0,4,1
1802,300,30,30,30,1,1,30,0,0,1000,0,0,4,1
1803,300,30,30,30,1,1,30,0,0,1000,0,0,4,1
1804,300,30,30,30,1,1,30,0,0,1000,0,0,4,1
1805,300,30,30,30,1,1,30,0,0,1000,0,0,4,1
1806,300,30,30,30,1,1,30,0,0,1000,0,0,4,1
1807,300,30,30,30,1,1,30,0,0,1000,0,0,4,1
1808,300,30,30,30,1,1,30,0,0,1000,0,0,4,1
1809,300,30,30,30,1,1,30,0,0,1000,0,0,4,1
1810,300,30,30,30,1,1,30,0,0,1000,0,0,4,1
1811,300,30,30,30,1,1,30,0,0,1000,0,0,4,1
1812,300,30,30,30,1,1,30,0,0,1000,0,0,4,1
1813,300,30,30,30,1,1,30,0,0,1000,0,0,4,1
1814,300,30,30,30,1,1,30,0,0,1000,0,0,4,1
1815,300,30,30,30,1,1,30,0,0,1000,0,0,4,1
1816,300,30,30,30,1,1,30,0,0,1000,0,0,4,1
1817,300,30,30,30,1,1,30,0,0,1000,0,0,4,1
1818,300,30,30,30,1,1,30,0,0,1000,0,0,4,1
1819,300,30,30,30,1,1,30,0,0,1000,0,0,4,1
1820,300,30,30,30,1,1,30,0,0,1000,0,0,4,1
1821,300,30,30,30,1,1,30,0,0,1000,0,0,4,1
1822,300,30,30,30,1,1,30,0,0,1000,0,0,4,1
1823,300,30,30,30,1,1,30,0,0,1000,0,0,4,1
1824,300,30,30,30,1,1,30,0,0,1000,0,0,4,1
1825,300,30,30,30,1,1,30,0,0,1000,0,0,4,1
1826,300,30,30,30,1,1,30,0,0,1000,0,0,4,1
1827,300,30,30,30,1,1,30,0,0,1000,0,0,4,1
1828,300,30,30,30,1,1,30,0,0,1000,0,0,4,1
1829,300,30,30,30,1,1,30,0,0,1000,0,0,4,1
1830,300,30,30,30,1,1,30,0,0,1000,0,0,4,1
1831,300,30,30,30,1,1,30,0,0,1000,0,0,4,1
1832,300,30,30,30,1,1,30,0,0,1000,0,0,4,1
1833,300,30,30,30,1,1,30,0,0,1000,0,0,4,1
1834,300,30,30,30,1,1,30,0,0,1000,0,0,4,1
1835,300,30,30,30,1,1,30,0,0,1000,0,0,4,1
1836,300,30,30,30,1,1,30,0,0,1000,0,0,4,1
1837,300,30,30,30,1,1,30,0,0,1000,0,0,4,1
1838,300,30,30,30,1,1,30,0,0,1000,0,0,4,1
1839,300,30,30,30,1,1,30,0,0,1000,0,0,4,1
1840,300,30,30,30,1,1,30,0,0,1000,0,0,4,1
1841,300,30,30,30,1,1,30,0,0,1000,0,0,4,1
1842,300,30,30,30,1,1,30,0,0,1000,0,0,4,1
1843,300,30,30,30,1,1,30,0,0,1000,0,0,4,1
1844,300,30,30,30,1,1,30,0,0,1000,0,0,4,1
1845,300,30,30,30,1,1,30,0,0,1000,0,0,4,1
1846,300,30,30,30,1,1,30,0,0,1000,0,0,4,1
1847,300,30,30,30,1,1,30,0,0,1000,0,0,4,1
1848,300,30,30,30,1,1,30,0,0,1000,0,0,4,1
1849,300,30,30,30,1,1,30,0,0,1000,0,0,4,1
1850,300,30,30,30,1,1,30,0,0,1000,0,0,4,1
1851,300,30,30,30,1,1,30,0,0,1000,0,0,4,1
1852,300,30,30,30,1,1,30,0,0,1000,0,0,4,1
1853,300,30,30,30,1,1,30,0,0,1000,0,0,4,1
1854,300,30,30,30,1,1,30,0,0,1000,0,0,4,1
1855,300,30,30,30,1,1,30,0,0,1000,0,0,4,1
1856,300,30,30,30,1,1,30,0,0,1000,0,0,4,1
1857,300,30,30,30,1,1,30,0,0,1000,0,0,4,1
1858,300,30,30,30,1,1,30,0,0,1000,0,0,4,1
1859,300,30,30,30,1,1,30,0,0,1000,0,0,4,1
1860,300,30,30,30,1,1,30,0,0,1000,0,0,4,1
1861,300,30,30,30,1,1,30,0,0,1000,0,0,4,1
1862,300,30,30,30,1,1,30,0,0,1000,0,0,4,1
1863,300,30,30,30,1,1,30,0,0,1000,0,0,4,1
1864,300,30,30,30,1,1,30,0,0,1000,0,0,4,1
1865,300,30,30,30,1,1,30,0,0,1000,0,0,4,1
1866,300,30,30,30,1,1,30,0,0,1000,0,0,4,1
1867,300,30,30,30,1,1,30,0,0,1000,0,0,4,1
1868,300,30,30,30,1,1,30,0,0,1000,0,0,4,1
1869,300,30,30,30,1,1,30,0,0,1000,0,0,4,1
1870,300,30,30,30,1,1,30,0,0,1000,0,0,4,1
1871,300,30,30,30,1,1,30,0,0,1000,0,0,4,1
1872,300,30,30,30,1,1,30,0,0,1000,0,0,4,1
1873,300,30,30,30,1,1,30,0,0,1000,0,0,4,1
1874,300,30,30,30,1,1,30,0,0,1000,0,0,4,1
1875,300,30,30,30,1,1,30,0,0,1000,0,0,4,1
1876,300,30,30,30,1,1,30,0,0,1000,0,0,4,1
1877,300,30,30,30,1,1,30,0,0,1000,0,0,4,1
1878,300,30,30,30,1,1,30,0,0,1000,0,0,4,1
1879,300,30,30,30,1,1,30,0,0,1000,0,0,4,1
1880,300,30,30,30,1,1,30,0,0,1000,0,0,4,1
1881,300,30,30,30,1,1,30,0,0,1000,0,0,4,1
1882,300,30,30,30,1,1,30,0,0,1000,0,0,4,1
1883,300,30,30,30,1,1,30,0,0,1000,0,0,4,1
1884,300,30,30,30,1,1,30,0,0,1000,0,0,4,1
1885,300,30,30,30,1,1,30,0,0,1000,0,0,4,1
1886,300,30,30,30,1,1,30,0,0,1000,0,0,4,1
1887,300,30,30,30,1,1,30,0,0,1000,0,0,4,1
1888,300,30,30,30,1,1,30,0,0,1000,0,0,4,1
1889,300,30,30,30,1,1,30,0,0,1000,0,0,4,1
1890,300,30,30,30,1,1,30,0,0,1000,0,0,4,1
1891,300,30,30,30,1,1,30,0,0,1000,0,0,4,1
1892,300,30,30,30,1,1,30,0,0,1000,0,0,4,1
1893,300,30,30,30,1,1,30,0,0,1000,0,0,4,1
1894,300,30,30,30,1,1,30,0,0,1000,0,0,4,1
1895,300,30,30,30,1,1,30,0,0,1000,0,0,4,1
1896,300,30,30,30,1,1,30,0,0,1000,0,0,4,1
1897,300,30,30,30,1,1,30,0,0,1000,0,0,4,1
1898,300,30,30,30,1,1,30,0,0,1000,0,0,4,1
1899,300,30,30,30,1,1,30,0,0,1000,0,0,4,1
1900,300,30,30,30,1,1,30,0,0,1000,0,0,4,1
1901,300,30,30,30,1,1,30,0,0,1000,0,0,4,1
1902,300,30,30,30,1,1,30,0,0,1000,0,0,4,1
1903,300,30,30,30,1,1,30,0,0,1000,0,0,4,1
1904,300,30,30,30,1,1,30,0,0,1000,0,0,4,1
1905,300,30,30,30,1,1,30,0,0,1000,0,0,4,1
1906,300,30,30,30,1,1,30,0,0,1000,0,0,4,1
1907,300,30,30,30,1,1,30,0,0,1000,0,0,4,1
1908,300,30,30,30,1,1,30,0,0,1000,0,0,4,1
1909,300,30,30,30,1,1,30,0,0,1000,0,0,4,1
1910,300,30,30,30,1,1,30,0,0,1000,0,0,4,1
1911,300,30,30,30,1,1,30,0,0,1000,0,0,4,1
1912,300,30,30,30,1,1,30,0,0,1000,0,0,4,1
1913,300,30,30,30,1,1,30,0,0,1000,0,0,4,1
1914,300,30,30,30,1,1,30,0,0,1000,0,0,4,1
1915,300,30,30,30,1,1,30,0,0,1000,0,0,4,1
1916,300,30,30,30,1,1,30,0,0,1000,0,0,4,1
1917,300,30,30,30,1,1,30,0,0,1000,0,0,4,1
1918,300,30,30,30,1,1,30,0,0,1000,0,0,4,1
1919,300,30,30,30,1,1,30,0,0,1000,0,0,4,1
1920,300,30,30,30,1,1,30,0,0,1000,0,0,4,1
1921,300,30,30,30,1,1,30,0,0,1000,0,0,4,1
1922,300,30,30,30,1,1,30,0,0,1000,0,0,4,1
1923,300,30,30,30,1,1,30,0,0,1000,0,0,4,1
1924,300,30,30,30,1,1,30,0,0,1000,0,0,4,1
1925,300,30,30,30,1,1,30,0,0,1000,0,0,4,1
1926,300,30,30,30,1,1,30,0,0,1000,0,0,4,1
1927,300,30,30,30,1,1,30,0,0,1000,0,0,4,1
1928,300,30,30,30,1,1,30,0,0,1000,0,0,4,1
1929,300,30,30,30,1,1,30,0,0,1000,0,0,4,1
1930,300,30,30,30,1,1,30,0,0,1000,0,0,4,1
1931,300,30,30,30,1,1,30,0,0,1000,0,0,4,1
1932,300,30,30,30,1,1,30,0,0,1000,0,0,4,1
1933,300,30,30,30,1,1,30,0,0,1000,0,0,4,1
1934,300,30,30,30,1,1,30,0,0,1000,0,0,4,1
1935,300,30,30,30,1,1,30,0,0,1000,0,0,4,1
1936,300,30,30,30,1,1,30,0,0,1000,0,0,4,1
1937,300,30,30,30,1,1,30,0,0,1000,0,0,4,1
1938,300,30,30,30,1,1,30,0,0,1000,0,0,4,1
1939,300,30,30,30,1,1,30,0,0,1000,0,0,4,1
1940,300,30,30,30,1,1,30,0,0,1000,0,0,4,1
1941,300,30,30,30,1,1,30,0,0,1000,0,0,4,1
1942,300,30,30,30,1,1,30,0,0,1000,0,0,4,1
1943,300,30,30,30,1,1,30,0,0,1000,0,0,4,1
1944,300,30,30,30,1,1,30,0,0,1000,0,0,4,1
1945,300,30,30,30,1,1,30,0,0,1000,0,0,4,1
1946,300,30,30,30,1,1,30,0,0,1000,0,0,4,1
1947,300,30,30,30,1,1,30,0,0,1000,0,0,4,1
1948,300,30,30,30,1,1,30,0,0,1000,0,0,4,1
1949,300,30,30,30,1,1,30,0,0,1000,0,0,4,1
1950,300,30,30,30,1,1,30,0,0,1000,0,0,4,1
1951,300,30,30,30,1,1,30,0,0,1000,0,0,4,1
1952,300,30,30,30,1,1,30,0,0,1000,0,0,4,1
1953,300,30,30,30,1,1,30,0,0,1000,0,0,4,1
1954,300,30,30,30,1,1,30,0,0,1000,0,0,4,1
1955,300,30,30,30,1,1,30,0,0,1000,0,0,4,1
1956,300,30,30,30,1,1,30,0,0,1000,0,0,4,1
1957,300,30,30,30,1,1,30,0,0,1000,0,0,4,1
1958,300,30,30,30,1,1,30,0,0,1000,0,0,4,1
1959,300,30,30,30,1,1,30,0,0,1000,0,0,4,1
1960,300,30,30,30,1,1,30,0,0,1000,0,0,4,1
1961,300,30,30,30,1,1,30,0,0,1000,0,0,4,1
1962,300,30,30,30,1,1,30,0,0,1000,0,0,4,1
1963,300,30,30,30,1,1,30,0,0,1000,0,0,4,1
1964,300,30,30,30,1,1,30,0,0,1000,0,0,4,1
1965,300,30,30,30,1,1,30,0,0,1000,0,0,4,1
1966,300,30,30,30,1,1,30,0,0,1000,0,0,4,1
1967,300,30,30,30,1,1,30,0,0,1000,0,0,4,1
1968,300,30,30,30,1,1,30,0,0,1000,0,0,4,1
1969,300,30,30,30,1,1,30,0,0,1000,0,0,4,1
1970,300,30,30,30,1,1,30,0,0,1000,0,0,4,1
1971,300,30,30,30,1,1,30,0,0,1000,0,0,4,1
1972,300,30,30,30,1,1,30,0,0,1000,0,0,4,1
1973,300,30,30,30,1,1,30,0,0,1000,0,0,4,1
1974,300,30,30,30,1,1,30,0,0,1000,0,0,4,1
1975,300,30,30,30,1,1,30,0,0,1000,0,0,4,1
1976,300,30,30,30,1,1,30,0,0,1000,0,0,4,1
1977,300,30,30,30,1,1,30,0,0,1000,0,0,4,1
1978,300,30,30,30,1,1,30,0,0,1000,0,0,4,1
1979,300,30,30,30,1,1,30,0,0,1000,0,0,4,1
1980,300,30,30,30,1,1,30,0,0,1000,0,0,4,1
1981,300,30,30,30,1,1,30,0,0,1000,0,0,4,1
1982,300,30,30,30,1,1,30,0,0,1000,0,0,4,1
1983,300,30,30,30,1,1,30,0,0,1000,0,0,4,1
1984,300,30,30,30,1,1,30,0,0,1000,0,0,4,1
1985,300,30,30,30,1,1,30,0,0,1000,0,0,4,1
1986,300,30,30,30,1,1,30,0,0,1000,0,0,4,1
1987,300,30,30,30,1,1,30,0,0,1000,0,0,4,1
1988,300,30,30,30,1,1,30,0,0,1000,0,0,4,1
1989,300,30,30,30,1,1,30,0,0,1000,0,0,4,1
1990,300,30,30,30,1,1,30,0,0,1000,0,0,4,1
1991,300,30,30,30,1,1,30,0,0,1000,0,0,4,1
1992,300,30,30,30,1,1,30,0,0,1000,0,0,4,1
1993,300,30,30,30,1,1,30,0,0,1000,0,0,4,1
1994,300,30,30,30,1,1,30,0,0,1000,0,0,4,1
1995,300,30,30,30,1,1,30,0,0,1000,0,0,4,1
1996,300,30,30,30,1,1,30,0,0,1000,0,0,4,1
1997,300,30,30,30,1,1,30,0,0,1000,0,0,4,1
1998,300,30,30,30,1,1,30,0,0,1000,0,0,4,1
1999,300,30,30,30,1,1,30,0,0,1000,0,0,4,1
2000,300,30,30,30,1,1,30,0,0,1000,0,0,4,1
2001,300,30,30,30,1,1,30,0,0,1000,0,0,4,1
2002,300,30,30,30,1,1,30,0,0,1000,0,0,4,1
2003,300,30,30,30,1,1,30,0,0,1000,0,0,4,1
2004,300,30,30,30,1,1,30,0,0,1000,0,0,4,1
2005,300,30,30,30,1,1,30,0,0,1000,0,0,4,1
2006,300,30,30,30,1,1,30,0,0,1000,0,0,4,1
2007,300,30,30,30,1,1,30,0,0,1000,0,0,4,1
2008,300,30,30,30,1,1,30,0,0,1000,0,0,4,1
2009,300,30,30,30,1,1,30,0,0,1000,0,0,4,1
2010,300,30,30,30,1,1,30,0,0,1000,0,0,4,1
2011,300,30,30,30,1,1,30,0,0,1000,0,0,4,1
2012,300,30,30,30,1,1,30,0,0,1000,0,0,4,1
2013,300,30,30,30,1,1,30,0,0,1000,0,0,4,1
2014,300,30,30,30,1,1,30,0,0,1000,0,0,4,1
2015,300,30,30,30,1,1,30,0,0,1000,0,0,4,1
2016,300,30,30,30,1,1,30,0,0,1000,0,0,4,1
2017,300,30,30,30,1,1,30,0,0,1000,0,0,4,1
2018,300,30,30,30,1,1,30,0,0,1000,0,0,4,1
2019,300,30,30,30,1,1,30,0,0,1000,0,0,4,1
2020,300,30,30,30,1,1,30,0,0,1000,0,0,4,1
2021,300,30,30,30,1,1,30,0,0,1000,0,0,4,1
2022,300,30,30,30,1,1,30,0,0,1000,0,0,4,1
2023,300,30,30,30,1,1,30,0,0,1000,0,0,4,1
2024,300,30,30,30,1,1,30,0,0,1000,0,0,4,1
2025,300,30,30,30,1,1,30,0,0,1000,0,0,4,1
2026,300,30,30,30,1,1,30,0,0,1000,0,0,4,1
2027,300,30,30,30,1,1,30,0,0,1000,0,0,4,1
2028,300,30,30,30,1,1,30,0,0,1000,0,0,4,1
2029,300,30,30,30,1,1,30,0,0,1000,0,0,4,1
2030,300,30,30,30,1,1,30,0,0,1000,0,0,4,1
2031,300,30,30,30,1,1,30,0,0,1000,0,0,4,1
2032,300,30,30,30,1,1,30,0,0,1000,0,0,4,1
2033,300,30,30,30,1,1,30,0,0,1000,0,0,4,1
2034,300,30,30,30,1,1,30,0,0,1000,0,0,4,1
2035,300,30,30,30,1,1,30,0,0,1000,0,0,4,1
2036,300,30,30,30,1,1,30,0,0,1000,0,0,4,1
2037,300,30,30,30,1,1,30,0,0,1000,0,0,4,1
2038,300,30,30,30,1,1,30,0,0,1000,0,0,4,1
2039,300,30,30,30,1,1,30,0,0,1000,0,0,4,1
2040,300,30,30,30,1,1,30,0,0,1000,0,0,4,1
2041,300,30,30,30,1,1,30,0,0,1000,0,0,4,1
2042,300,30,30,30,1,1,30,0,0,1000,0,0,4,1
2043,300,30,30,30,1,1,30,0,0,1000,0,0,4,1
2044,300,30,30,30,1,1,30,0,0,1000,0,0,4,1
2045,300,30,30,30,1,1,30,0,0,1000,0,0,4,1
2046,300,30,30,30,1,1,30,0,0,1000,0,0,4,1
2047,300,30,30,30,1,1,30,0,0,1000,0,0,4,1
2048,300,30,30,30,1,1,30,0,0,1000,0,0,4,1
2049,300,30,30,30,1,1,30,0,0,1000,0,0,4,1
2050,300,30,30,30,1,1,30,0,0,1000,0,0,4,1
2051,300,30,30,30,1,1,30,0,0,1000,0,0,4,1
2052,300,30,30,30,1,1,30,0,0,1000,0,0,4,1
2053,300,30,30,30,1,1,30,0,0,1000,0,0,4,1
2054,300,30,30,30,1,1,30,0,0,1000,0,0,4,1
2055,300,30,30,30,1,1,30,0,0,1000,0,0,4,1
2056,300,30,30,30,1,1,30,0,0,1000,0,0,4,1
2057,300,30,30,30,1,1,30,0,0,1000,0,0,4,1
2058,300,30,30,30,1,1,30,0,0,1000,0,0,4,1
2059,300,30,30,30,1,1,30,0,0,1000,0,0,4,1
2060,300,30,30,30,1,1,30,0,0,1000,0,0,4,1
2061,300,30,30,30,1,1,30,0,0,1000,0,0,4,1
2062,300,30,30,30,1,1,30,0,0,1000,0,0,4,1
2063,300,30,30,30,1,1,30,0,0,1000,0,0,4,1
2064,300,30,30,30,1,1,30,0,0,1000,0,0,4,1
2065,300,30,30,30,1,1,30,0,0,1000,0,0,4,1
2066,300,30,30,30,1,1,30,0,0,1000,0,0,4,1
2067,300,30,30,30,1,1,30,0,0,1000,0,0,4,1
2068,300,30,30,30,1,1,30,0,0,1000,0,0,4,1
2069,300,30,30,30,1,1,30,0,0,1000,0,0,4,1
2070,300,30,30,30,1,1,30,0,0,1000,0,0,4,1
2071,300,30,30,30,1,1,30,0,0,1000,0,0,4,1
2072,300,30,30,30,1,1,30,0,0,1000,0,0,4,1
2073,300,30,30,30,1,1,30,0,0,1000,0,0,4,1
2074,300,30,30,30,1,1,30,0,0,1000,0,0,4,1
2075,300,30,30,30,1,1,30,0,0,1000,0,0,4,1
2076,300,30,30,30,1,1,30,0,0,1000,0,0,4,1
2077,300,30,30,30,1,1,30,0,0,1000,0,0,4,1
2078,300,30,30,30,1,1,30,0,0,1000,0,0,4,1
2079,300,30,30,30,1,1,30,0,0,1000,0,0,4,1
2080,300,30,30,30,1,1,30,0,0,1000,0,0,4,1
2081,300,30,30,30,1,1,30,0,0,1000,0,0,4,1
2082,300,30,30,30,1,1,30,0,0,1000,0,0,4,1
2083,300,30,30,30,1,1,30,0,0,1000,0,0,4,1
2084,300,30,30,30,1,1,30,0,0,1000,0,0,4,1
2085,300,30,30,30,1,1,30,0,0,1000,0,0,4,1
2086,300,30,30,30,1,1,30,0,0,1000,0,0,4,1
2087,300,30,30,30,1,1,30,0,0,1000,0,0,4,1
2088,300,30,30,30,1,1,30,0,0,1000,0,0,4,1
2089,300,30,30,30,1,1,30,0,0,1000,0,0,4,1
2090,300,30,30,30,1,1,30,0,0,1000,0,0,4,1
2091,300,30,30,30,1,1,30,0,0,1000,0,0,4,1
2092,300,30,30,30,1,1,30,0,0,1000,0,0,4,1
2093,300,30,30,30,1,1,30,0,0,1000,0,0,4,1
2094,300,30,30,30,1,1,30,0,0,1000,0,0,4,1
2095,300,30,30,30,1,1,30,0,0,1000,0,0,4,1
2096,300,30,30,30,1,1,30,0,0,1000,0,0,4,1
2097,300,30,30,30,1,1,30,0,0,1000,0,0,4,1
2098,300,30,30,30,1,1,30,0,0,1000,0,0,4,1
2099,300,30,30,30,1,1,30,0,0,1000,0,0,4,1
2100,300,30,30,30,1,1,30,0,0,1000,0,0,4,1
2101,300,30,30,30,1,1,30,0,0,1000,0,0,4,1
2102,300,30,30,30,1,1,30,0,0,1000,0,0,4,1
2103,300,30,30,30,1,1,30,0,0,1000,0,0,4,1
2104,300,30,30,30,1,1,30,0,0,1000,0,0,4,1
2105,300,30,30,30,1,1,30,0,0,1000,0,0,4,1
2106,300,30,30,30,1,1,30,0,0,1000,0,0,4,1
2107,300,30,30,30,1,1,30,0,0,1000,0,0,4,1
2108,300,30,30,30,1,1,30,0,0,1000,0,0,4,1
2109,300,30,30,30,1,1,30,0,0,1000,0,0,4,1
2110,300,30,30,30,1,1,30,0,0,1000,0,0,4,1
2111,300,30,30,30,1,1,30,0,0,1000,0,0,4,1
2112,300,30,30,30,1,1,30,0,0,1000,0,0,4,1
2113,300,30,30,30,1,1,30,0,0,1000,0,0,4,1
2114,300,30,30,30,1,1,30,0,0,1000,0,0,4,1
2115,300,30,30,30,1,1,30,0,0,1000,0,0,4,1
2116,300,30,30,30,1,1,30,0,0,1000,0,0,4,1
2117,300,30,30,30,1,1,30,0,0,1000,0,0,4,1
2118,300,30,30,30,1,1,30,0,0,1000,0,0,4,1
2119,300,30,30,30,1,1,30,0,0,1000,0,0,4,1
2120,300,30,30,30,1,1,30,0,0,1000,0,0,4,1
2121,300,30,30,30,1,1,30,0,0,1000,0,0,4,1
2122,300,30,30,30,1,1,30,0,0,1000,0,0,4,1
2123,300,30,30,30,1,1,30,0,0,1000,0,0,4,1
2124,300,30,30,30,1,1,30,0,0,1000,0,0,4,1
2125,300,30,30,30,1,1,30,0,0,1000,0,0,4,1
2126,300,30,30,30,1,1,30,0,0,1000,0,0,4,1
2127,300,30,30,30,1,1,30,0,0,1000,0,0,4,1
2128,300,30,30,30,1,1,30,0,0,1000,0,0,4,1
2129,300,30,30,30,1,1,30,0,0,1000,0,0,4,1
2130,300,30,30,30,1,1,30,0,0,1000,0,0,4,1
2131,300,30,30,30,1,1,30,0,0,1000,0,0,4,1
2132,300,30,30,30,1,1,30,0,0,1000,0,0,4,1
2133,300,30,30,30,1,1,30,0,0,1000,0,0,4,1
2134,300,30,30,30,1,1,30,0,0,1000,0,0,4,1
2135,300,30,30,30,1,1,30,0,0,1000,0,0,4,1
2136,300,30,30,30,1,1,30,0,0,1000,0,0,4,1
2137,300,30,30,30,1,1,30,0,0,1000,0,0,4,1
2138,300,30,30,30,1,1,30,0,0,1000,0,0,4,1
2139,300,30,30,30,1,1,30,0,0,1000,0,0,4,1
2140,300,30,30,30,1,1,30,0,0,1000,0,0,4,1
2141,300,30,30,30,1,1,30,0,0,1000,0,0,4,1
2142,300,30,30,30,1,1,30,0,0,1000,0,0,4,1
2143,300,30,30,30,1,1,30,0,0,1000,0,0,4,1
2144,300,30,30,30,1,1,30,0,0,1000,0,0,4,1
2145,300,30,30,30,1,1,30,0,0,1000,0,0,4,1
2146,300,30,30,30,1,1,30,0,0,1000,0,0,4,1
2147,300,30,30,30,1,1,30,0,0,1000,0,0,4,1
2148,300,30,30,30,1,1,30,0,0,1000,0,0,4,1
2149,300,30,30,30,1,1,30,0,0,1000,0,0,4,1
2150,300,30,30,30,1,1,30,0,0,1000,0,0,4,1
2151,300,30,30,30,1,1,30,0,0,1000,0,0,4,1
2152,300,30,30,30,1,1,30,0,0,1000,0,0,4,1
2153,300,30,30,30,1,1,30,0,0,1000,0,0,4,1
2154,300,30,30,30,1,1,30,0,0,1000,0,0,4,1
2155,300,30,30,30,1,1,30,0,0,1000,0,0,4,1
2156,300,30,30,30,1,1,30,0,0,1000,0,0,4,1
2157,300,30,30,30,1,1,30,0,0,1000,0,0,4,1
2158,300,30,30,30,1,1,30,0,0,1000,0,0,4,1
2159,300,30,30,30,1,1,30,0,0,1000,0,0,4,1
2160,300,30,30,30,1,1,30,0,0,1000,0,0,4,1
2161,300,30,30,30,1,1,30,0,0,1000,0,0,4,1
2162,300,30,30,30,1,1,30,0,0,1000,0,0,4,1
2163,300,30,30,30,1,1,30,0,0,1000,0,0,4,1
2164,300,30,30,30,1,1,30,0,0,1000,0,0,4,1
2165,300,30,30,30,1,1,30,0,0,1000,0,0,4,1
2166,300,30,30,30,1,1,30,0,0,1000,0,0,4,1
2167,300,30,30,30,1,1,30,0,0,1000,0,0,4,1
2168,300,30,30,30,1,1,30,0,0,1000,0,0,4,1
2169,300,30,30,30,1,1,30,0,0,1000,0,0,4,1
2170,300,30,30,30,1,1,30,0,0,1000,0,0,4,1
2171,300,30,30,30,1,1,30,0,0,1000,0,0,4,1
2172,300,30,30,30,1,1,30,0,0,1000,0,0,4,1
2173,300,30,30,30,1,1,30,0,0,1000,0,0,4,1
2174,300,30,30,30,1,1,30,0,0,1000,0,0,4,1
2175,300,30,30,30,1,1,30,0,0,1000,0,0,4,1
2176,300,30,30,30,1,1,30,0,0,1000,0,0,4,1
2177,300,30,30,30,1,1,30,0,0,1000,0,0,4,1
2178,300,30,30,30,1,1,30,0,0,1000,0,0,4,1
2179,300,30,30,30,1,1,30,0,0,1000,0,0,4,1
2180,300,30,30,30,1,1,30,0,0,1000,0,0,4,1
2181,300,30,30,30,1,1,30,0,0,1000,0,0,4,1
2182,300,30,30,30,1,1,30,0,0,1000,0,0,4,1
2183,300,30,30,30,1,1,30,0,0,1000,0,0,4,1
2184,300,30,30,30,1,1,30,0,0,1000,0,0,4,1
2185,300,30,30,30,1,1,30,0,0,1000,0,0,4,1
2186,300,30,30,30,1,1,30,0,0,1000,0,0,4,1
2187,300,30,30,30,1,1,30,0,0,1000,0,0,4,1
2188,300,30,30,30,1,1,30,0,0,1000,0,0,4,1
2189,300,30,30,30,1,1,30,0,0,1000,0,0,4,1
2190,300,30,30,30,1,1,30,0,0,1000,0,0,4,1
2191,300,30,30,30,1,1,30,0,0,1000,0,0,4,1
2192,300,30,30,30,1,1,30,0,0,1000,0,0,4,1
2193,300,30,30,30,1,1,30,0,0,1000,0,0,4,1
2194,300,30,30,30,1,1,30,0,0,1000,0,0,4,1
2195,300,30,30,30,1,1,30,0,0,1000,0,0,4,1
2196,300,30,30,30,1,1,30,0,0,1000,0,0,4,1
2197,300,30,30,30,1,1,30,0,0,1000,0,0,4,1
2198,300,30,30,30,1,1,30,0,0,1000,0,0,4,1
2199,300,30,30,30,1,1,30,0,0,1000,0,0,4,1
2200,300,30,30,30,1,1,30,0,0,1000,0,0,4,1
2201,300,30,30,30,1,1,30,0,0,1000,0,0,4,1
2202,300,30,30,30,1,1,30,0,0,1000,0,0,4,1
2203,300,30,30,30,1,1,30,0,0,1000,0,0,4,1
2204,300,30,30,30,1,1,30,0,0,1000,0,0,4,1
2205,300,30,30,30,1,1,30,0,0,1000,0,0,4,1
2206,300,30,30,30,1,1,30,0,0,1000,0,0,4,1
2207,300,30,30,30,1,1,30,0,0,1000,0,0,4,1
2208,300,30,30,30,1,1,30,0,0,1000,0,0,4,1
2209,300,30,30,30,1,1,30,0,0,1000,0,0,4,1
2210,300,30,30,30,1,1,30,0,0,1000,0,0,4,1
2211,300,30,30,30,1,1,30,0,0,1000,0,0,4,1
2212,300,30,30,30,1,1,30,0,0,1000,0,0,4,1
2213,300,30,30,30,1,1,30,0,0,1000,0,0,4,1
2214,300,30,30,30,1,1,30,0,0,1000,0,0,4,1
2215,300,30,30,30,1,1,30,0,0,1000,0,0,4,1
2216,300,30,30,30,1,1,30,0,0,1000,0,0,4,1
2217,300,30,30,30,1,1,30,0,0,1000,0,0,4,1
2218,300,30,30,30,1,1,30,0,0,1000,0,0,4,1
2219,300,30,30,30,1,1,30,0,0,1000,0,0,4,1
2220,300,30,30,30,1,1,30,0,0,1000,0,0,4,1
2221,300,30,30,30,1,1,30,0,0,1000,0,0,4,1
2222,300,30,30,30,1,1,30,0,0,1000,0,0,4,1
2223,300,30,30,30,1,1,30,0,0,1000,0,0,4,1
2224,300,30,30,30,1,1,30,0,0,1000,0,0,4,1
2225,300,30,30,30,1,1,30,0,0,1000,0,0,4,1
2226,300,30,30,30,1,1,30,0,0,1000,0,0,4,1
2227,300,30,30,30,1,1,30,0,0,1000,0,0,4,1
2228,300,30,30,30,1,1,30,0,0,1000,0,0,4,1
2229,300,30,30,30,1,1,30,0,0,1000,0,0,4,1
2230,300,30,30,30,1,1,30,0,0,1000,0,0,4,1
2231,300,30,30,30,1,1,30,0,0,1000,0,0,4,1
2232,300,30,30,30,1,1,30,0,0,1000,0,0,4,1
2233,300,30,30,30,1,1,30,0,0,1000,0,0,4,1
2234,300,30,30,30,1,1,30,0,0,1000,0,0,4,1
2235,300,30,30,30,1,1,30,0,0,1000,0,0,4,1
2236,300,30,30,30,1,1,30,0,0,1000,0,0,4,1
2237,300,30,30,30,1,1,30,0,0,1000,0,0,4,1
2238,300,30,30,30,1,1,30,0,0,1000,0,0,4,1
2239,300,30,30,30,1,1,30,0,0,1000,0,0,4,1
2240,300,30,30,30,1,1,30,0,0,1000,0,0,4,1
2241,300,30,30,30,1,1,30,0,0,1000,0,0,4,1
2242,300,30,30,30,1,1,30,0,0,1000,0,0,4,1
2243,300,30,30,30,1,1,30,0,0,1000,0,0,4,1
2244,300,30,30,30,1,1,30,0,0,1000,0,0,4,1
2245,300,30,30,30,1,1,30,0,0,1000,0,0,4,1
2246,300,30,30,30,1,1,30,0,0,1000,0,0,4,1
2247,300,30,30,30,1,1,30,0,0,1000,0,0,4,1
2248,300,30,30,30,1,1,30,0,0,1000,0,0,4,1
2249,300,30,30,30,1,1,30,0,0,1000,0,0,4,1
2250,300,30,30,30,1,1,30,0,0,1000,0,0,4,1
2251,300,30,30,30,1,1,30,0,0,1000,0,0,4,1
2252,300,30,30,30,1,1,30,0,0,1000,0,0,4,1
2253,300,30,30,30,1,1,30,0,0,1000,0,0,4,1
2254,300,30,30,30,1,1,30,0,0,1000,0,0,4,1
2255,300,30,30,30,1,1,30,0,0,1000,0,0,4,1
2256,300,30,30,30,1,1,30,0,0,1000,0,0,4,1
2257,300,30,30,30,1,1,30,0,0,1000,0,0,4,1
2258,300,30,30,30,1,1,30,0,0,1000,0,0,4,1
2259,300,30,30,30,1,1,30,0,0,1000,0,0,4,1
2260,300,30,30,30,1,1,30,0,0,1000,0,0,4,1
2261,300,30,30,30,1,1,30,0,0,1000,0,0,4,1
2262,300,30,30,30,1,1,30,0,0,1000,0,0,4,1
2263,300,30,30,30,1,1,30,0,0,1000,0,0,4,1
2264,300,30,30,30,1,1,30,0,0,1000,0,0,4,1
2265,300,30,30,30,1,1,30,0,0,1000,0,0,4,1
2266,300,30,30,30,1,1,30,0,0,1000,0,0,4,1
2267,300,30,30,30,1,1,30,0,0,1000,0,0,4,1
2268,300,30,30,30,1,1,30,0,0,1000,0,0,4,1
2269,300,30,30,30,1,1,30,0,0,1000,0,0,4,1
2270,300,30,30,30,1,1,30,0,0,1000,0,0,4,1
2271,300,30,30,30,1,1,30,0,0,1000,0,0,4,1
2272,300,30,30,30,1,1,30,0,0,1000,0,0,4,1
2273,300,30,30,30,1,1,30,0,0,1000,0,0,4,1
2274,300,30,30,30,1,1,30,0,0,1000,0,0,4,1
2275,300,30,30,30,1,1,30,0,0,1000,0,0,4,1
2276,300,30,30,30,1,1,30,0,0,1000,0,0,4,1
2277,300,30,30,30,1,1,30,0,0,1000,0,0,4,1
2278,300,30,30,30,1,1,30,0,0,1000,0,0,4,1
2279,300,30,30,30,1,1,30,0,0,1000,0,0,4,1
2280,300,30,30,30,1,1,30,0,0,1000,0,0,4,1
2281,300,30,30,30,1,1,30,0,0,1000,0,0,4,1
2282,300,30,30,30,1,1,30,0,0,1000,0,0,4,1
2283,300,30,30,30,1,1,30,0,0,1000,0,0,4,1
2284,300,30,30,30,1,1,30,0,0,1000,0,0,4,1
2285,300,30,30,30,1,1,30,0,0,1000,0,0,4,1
2286,300,30,30,30,1,1,30,0,0,1000,0,0,4,1
2287,300,30,30,30,1,1,30,0,0,1000,0,0,4,1
2288,300,30,30,30,1,1,30,0,0,1000,0,0,4,1
2289,300,30,30,30,1,1,30,0,0,1000,0,0,4,1
2290,300,30,30,30,1,1,30,0,0,1000,0,0,4,1
2291,300,30,30,30,1,1,30,0,0,1000,0,0,4,1
2292,300,30,30,30,1,1,30,0,0,1000,0,0,4,1
2293,300,30,30,30,1,1,30,0,0,1000,0,0,4,1
2294,300,30,30,30,1,1,30,0,0,1000,0,0,4,1
2295,300,30,30,30,1,1,30,0,0,1000,0,0,4,1
2296,300,30,30,30,1,1,30,0,0,1000,0,0,4,1
2297,300,30,30,30,1,1,30,0,0,1000,0,0,4,1
2298,300,30,30,30,1,1,30,0,0,1000,0,0,4,1
2299,300,30,30,30,1,1,30,0,0,1000,0,0,4,1
2300,300,30,30,30,1,1,30,0,0,1000,0,0,4,1
2301,300,30,30,30,1,1,30,0,0,1000,0,0,4,1
2302,300,30,30,30,1,1,30,0,0,1000,0,0,4,1
2303,300,30,30,30,1,1,30,0,0,1000,0,0,4,1
2304,300,30,30,30,1,1,30,0,0,1000,0,0,4,1
2305,300,30,30,30,1,1,30,0,0,1000,0,0,4,1
2306,300,30,30,30,1,1,30,0,0,1000,0,0,4,1
2307,300,30,30,30,1,1,30,0,0,1000,0,0,4,1
2308,300,30,30,30,1,1,30,0,0,1000,0,0,4,1
2309,300,30,30,30,1,1,30,0,0,1000,0,0,4,1
2310,300,30,30,30,1,1,30,0,0,1000,0,0,4,1
2311,300,30,30,30,1,1,30,0,0,1000,0,0,4,1
2312,300,30,30,30,1,1,30,0,0,1000,0,0,4,1
2313,300,30,30,30,1,1,30,0,0,1000,0,0,4,1
2314,300,30,30,30,1,1,30,0,0,1000,0,0,4,1
2315,300,30,30,30,1,1,30,0,0,1000,0,0,4,1
2316,300,30,30,30,1,1,30,0,0,1000,0,0,4,1
2317,300,30,30,30,1,1,30,0,0,1000,0,0,4,1
2318,300,30,30,30,1,1,30,0,0,1000,0,0,4,1
2319,300,30,30,30,1,1,30,0,0,1000,0,0,4,1
2320,300,30,30,30,1,1,30,0,0,1000,0,0,4,1
2321,300,30,30,30,1,1,30,0,0,1000,0,0,4,1
2322,300,30,30,30,1,1,30,0,0,1000,0,0,4,1
2323,300,30,30,30,1,1,30,0,0,1000,0,0,4,1
2324,300,30,30,30,1,1,30,0,0,1000,0,0,4,1
2325,300,30,30,30,1,1,30,0,0,1000,0,0,4,1
2326,300,30,30,30,1,1,30,0,0,1000,0,0,4,1
2327,300,30,30,30,1,1,30,0,0,1000,0,0,4,1
2328,300,30,30,30,1,1,30,0,0,1000,0,0,4,1
2329,300,30,30,30,1,1,30,0,0,1000,0,0,4,1
2330,300,30,30,30,1,1,30,0,0,1000,0,0,4,1
2331,300,30,30,30,1,1,30,0,0,1000,0,0,4,1
2332,300,30,30,30,1,1,30,0,0,1000,0,0,4,1
2333,300,30,30,30,1,1,30,0,0,1000,0,0,4,1
2334,300,30,30,30,1,1,30,0,0,1000,0,0,4,1
2335,300,30,30,30,1,1,30,0,0,1000,0,0,4,1
2336,300,30,30,30,1,1,30,0,0,1000,0,0,4,1
2337,300,30,30,30,1,1,30,0,0,1000,0,0,4,1
2338,300,30,30,30,1,1,30,0,0,1000,0,0,4,1
2339,300,30,30,30,1,1,30,0,0,1000,0,0,4,1
2340,300,30,30,30,1,1,30,0,0,1000,0,0,4,1
2341,300,30,30,30,1,1,30,0,0,1000,0,0,4,1
2342,300,30,30,30,1,1,30,0,0,1000,0,0,4,1
2343,300,30,30,30,1,1,30,0,0,1000,0,0,4,1
2344,300,30,30,30,1,1,30,0,0,1000,0,0,4,1
2345,300,30,30,30,1,1,30,0,0,1000,0,0,4,1
2346,300,30,30,30,1,1,30,0,0,1000,0,0,4,1
2347,300,30,30,30,1,1,30,0,0,1000,0,0,4,1
2348,300,30,30,30,1,1,30,0,0,1000,0,0,4,1
2349,300,30,30,30,1,1,30,0,0,1000,0,0,4,1
2350,300,30,30,30,1,1,30,0,0,1000,0,0,4,1
2351,300,30,30,30,1,1,30,0,0,1000,0,0,4,1
2352,300,30,30,30,1,1,30,0,0,1000,0,0,4,1
2353,300,30,30,30,1,1,30,0,0,1000,0,0,4,1
2354,300,30,30,30,1,1,30,0,0,1000,0,0,4,1
2355,300,30,30,30,1,1,30,0,0,1000,0,0,4,1
2356,300,30,30,30,1,1,30,0,0,1000,0,0,4,1
2357,300,30,30,30,1,1,30,0,0,1000,0,0,4,1
2358,300,30,30,30,1,1,30,0,0,1000,0,0,4,1
2359,300,30,30,30,1,1,30,0,0,1000,0,0,4,1
2360,300,30,30,30,1,1,30,0,0,1000,0,0,4,1
2361,300,30,30,30,1,1,30,0,0,1000,0,0,4,1
2362,300,30,30,30,1,1,30,0,0,1000,0,0,4,1
2363,300,30,30,30,1,1,30,0,0,1000,0,0,4,1
2364,300,30,30,30,1,1,30,0,0,1000,0,0,4,1
2365,300,30,30,30,1,1,30,0,0,1000,0,0,4,1
2366,300,30,30,30,1,1,30,0,0,1000,0,0,4,1
2367,300,30,30,30,1,1,30,0,0,1000,0,0,4,1
2368,300,30,30,30,1,1,30,0,0,1000,0,0,4,1
2369,300,30,30,30,1,1,30,0,0,1000,0,0,4,1
2370,300,30,30,30,1,1,30,0,0,1000,0,0,4,1
2371,300,30,30,30,1,1,30,0,0,1000,0,0,4,1
2372,300,30,30,30,1,1,30,0,0,1000,0,0,4,1
2373,300,30,30,30,1,1,30,0,0,1000,0,0,4,1
2374,300,30,30,30,1,1,30,0,0,1000,0,0,4,1
2375,300,30,30,30,1,1,30,0,0,1000,0,0,4,1
2376,300,30,30,30,1,1,30,0,0,1000,0,0,4,1
2377,300,30,30,30,1,1,30,0,0,1000,0,0,4,1
2378,300,30,30,30,1,1,30,0,0,1000,0,0,4,1
2379,300,30,30,30,1,1,30,0,0,1000,0,0,4,1
2380,300,30,30,30,1,1,30,0,0,1000,0,0,4,1
2381,300,30,30,30,1,1,30,0,0,1000,0,0,4,1
2382,300,30,30,30,1,1,30,0,0,1000,0,0,4,1
2383,300,30,30,30,1,1,30,0,0,1000,0,0,4,1
2384,300,30,30,30,1,1,30,0,0,1000,0,0,4,1
2385,300,30,30,30,1,1,30,0,0,1000,0,0,4,1
2386,300,30,30,30,1,1,30,0,0,1000,0,0,4,1
2387,300,30,30,30,1,1,30,0,0,1000,0,0,4,1
2388,300,30,30,30,1,1,30,0,0,1000,0,0,4,1
2389,300,30,30,30,1,1,30,0,0,1000,0,0,4,1
2390,300,30,30,30,1,1,30,0,0,1000,0,0,4,1
2391,300,30,30,30,1,1,30,0,0,1000,0,0,4,1
2392,300,30,30,30,1,1,30,0,0,1000,0,0,4,1
2393,300,30,30,30,1,1,30,0,0,1000,0,0,4,1
2394,300,30,30,30,1,1,30,0,0,1000,0,0,4,1
2395,300,30,30,30,1,1,30,0,0,1000,0,0,4,1
2396,300,30,30,30,1,1,30,0,0,1000,0,0,4,1
2397,300,30,30,30,1,1,30,0,0,1000,0,0,4,1
2398,300,30,30,30,1,1,30,0,0,1000,0,0,4,1
2399,300,30,30,30,1,1,30,0,0,1000,0,0,4,1
2400,300,30,30,30,1,1,30,0,0,1000,0,0,4,1
2401,300,30,30,30,1,1,30,0,0,1000,0,0,4,1
2402,300,30,30,30,1,1,30,0,0,1000,0,0,4,1
2403,300,30,30,30,1,1,30,0,0,1000,0,0,4,1
2404,300,30,30,30,1,1,30,0,0,1000,0,0,4,1
2405,300,30,30,30,1,1,30,0,0,1000,0,0,4,1
2406,300,30,30,30,1,1,30,0,0,1000,0,0,4,1
2407,300,30,30,30,1,1,30,0,0,1000,0,0,4,1
2408,300,30,30,30,1,1,30,0,0,1000,0,0,4,1
2409,300,30,30,30,1,1,30,0,0,1000,0,0,4,1
2410,300,30,30,30,1,1,30,0,0,1000,0,0,4,1
2411,300,30,30,30,1,1,30,0,0,1000,0,0,4,1
2412,300,30,30,30,1,1,30,0,0,1000,0,0,4,1
2413,300,30,30,30,1,1,30,0,0,1000,0,0,4,1
2414,300,30,30,30,1,1,30,0,0,1000,0,0,4,1
2415,300,30,30,30,1,1,30,0,0,1000,0,0,4,1
2416,300,30,30,30,1,1,30,0,0,1000,0,0,4,1
2417,300,30,30,30,1,1,30,0,0,1000,0,0,4,1
2418,300,30,30,30,1,1,30,0,0,1000,0,0,4,1
2419,300,30,30,30,1,1,30,0,0,1000,0,0,4,1
2420,300,30,30,30,1,1,30,0,0,1000,0,0,4,1
2421,300,30,30,30,1,1,30,0,0,1000,0,0,4,1
2422,300,30,30,30,1,1,30,0,0,1000,0,0,4,1
2423,300,30,30,30,1,1,30,0,0,1000,0,0,4,1
2424,300,30,30,30,1,1,30,0,0,1000,0,0,4,1
2425,300,30,30,30,1,1,30,0,0,1000,0,0,4,1
2426,300,30,30,30,1,1,30,0,0,1000,0,0,4,1
2427,300,30,30,30,1,1,30,0,0,1000,0,0,4,1
2428,300,30,30,30,1,1,30,0,0,1000,0,0,4,1
2429,300,30,30,30,1,1,30,0,0,1000,0,0,4,1
2430,300,30,30,30,1,1,30,0,0,1000,0,0,4,1
2431,300,30,30,30,1,1,30,0,0,1000,0,0,4,1
2432,300,30,30,30,1,1,30,0,0,1000,0,0,4,1
2433,300,30,30,30,1,1,30,0,0,1000,0,0,4,1
2434,300,30,30,30,1,1,30,0,0,1000,0,0,4,1
2435,300,30,30,30,1,1,30,0,0,1000,0,0,4,1
2436,300,30,30,30,1,1,30,0,0,1000,0,0,4,1
2437,300,30,30,30,1,1,30,0,0,1000,0,0,4,1
2438,300,30,30,30,1,1,30,0,0,1000,0,0,4,1
2439,300,30,30,30,1,1,30,0,0,1000,0,0,4,1
2440,300,30,30,30,1,1,30,0,0,1000,0,0,4,1
2441,300,30,30,30,1,1,30,0,0,1000,0,0,4,1
2442,300,30,30,30,1,1,30,0,0,1000,0,0,4,1
2443,300,30,30,30,1,1,30,0,0,1000,0,0,4,1
2444,300,30,30,30,1,1,30,0,0,1000,0,0,4,1
2445,300,30,30,30,1,1,30,0,0,1000,0,0,4,1
2446,300,30,30,30,1,1,30,0,0,1000,0,0,4,1
2447,300,30,30,30,1,1,30,0,0,1000,0,0,4,1
2448,300,30,30,30,1,1,30,0,0,1000,0,0,4,1
2449,300,30,30,30,1,1,30,0,0,1000,0,0,4,1
2450,300,30,30,30,1,1,30,0,0,1000,0,0,4,1
2451,300,30,30,30,1,1,30,0,0,1000,0,0,4,1
2452,300,30,30,30,1,1,30,0,0,1000,0,0,4,1
2453,300,30,30,30,1,1,30,0,0,1000,0,0,4,1
2454,300,30,30,30,1,1,30,0,0,1000,0,0,4,1
2455,300,30,30,30,1,1,30,0,0,1000,0,0,4,1
2456,300,30,30,30,1,1,30,0,0,1000,0,0,4,1
2457,300,30,30,30,1,1,30,0,0,1000,0,0,4,1
2458,300,30,30,30,1,1,30,0,0,1000,0,0,4,1
2459,300,30,30,30,1,1,30,0,0,1000,0,0,4,1
2460,300,30,30,30,1,1,30,0,0,1000,0,0,4,1
2461,300,30,30,30,1,1,30,0,0,1000,0,0,4,1
2462,300,30,30,30,1,1,30,0,0,1000,0,0,4,1
2463,300,30,30,30,1,1,30,0,0,1000,0,0,4,1
2464,300,30,30,30,1,1,30,0,0,1000,0,0,4,1
2465,300,30,30,30,1,1,30,0,0,1000,0,0,4,1
2466,300,30,30,30,1,1,30,0,0,1000,0,0,4,1
2467,300,30,30,30,1,1,30,0,0,1000,0,0,4,1
2468,300,30,30,30,1,1,30,0,0,1000,0,0,4,1
2469,300,30,30,30,1,1,30,0,0,1000,0,0,4,1
2470,300,30,30,30,1,1,30,0,0,1000,0,0,4,1
2471,300,30,30,30,1,1,30,0,0,1000,0,0,4,1
2472,300,30,30,30,1,1,30,0,0,1000,0,0,4,1
2473,300,30,30,30,1,1,30,0,0,1000,0,0,4,1
2474,300,30,30,30,1,1,30,0,0,1000,0,0,4,1
2475,300,30,30,30,1,1,30,0,0,1000,0,0,4,1
2476,300,30,30,30,1,1,30,0,0,1000,0,0,4,1
2477,300,30,30,30,1,1,30,0,0,1000,0,0,4,1
2478,300,30,30,30,1,1,30,0,0,1000,0,0,4,1
2479,300,30,30,30,1,1,30,0,0,1000,0,0,4,1
2480,300,30,30,30,1,1,30,0,0,1000,0,0,4,1
2481,300,30,30,30,1,1,30,0,0,1000,0,0,4,1
2482,300,30,30,30,1,1,30,0,0,1000,0,0,4,1
2483,300,30,30,30,1,1,30,0,0,1000,0,0,4,1
2484,300,30,30,30,1,1,30,0,0,1000,0,0,4,1
2485,300,30,30,30,1,1,30,0,0,1000,0,0,4,1
2486,300,30,30,30,1,1,30,0,0,1000,0,0,4,1
2487,300,30,30,30,1,1,30,0,0,1000,0,0,4,1
2488,300,30,30,30,1,1,30,0,0,1000,0,0,4,1
2489,300,30,30,30,1,1,30,0,0,1000,0,0,4,1
2490,300,30,30,30,1,1,30,0,0,1000,0,0,4,1
2491,300,30,30,30,1,1,30,0,0,1000,0,0,4,1
2492,300,30,30,30,1,1,30,0,0,1000,0,0,4,1
2493,300,30,30,30,1,1,30,0,0,1000,0,0,4,1
2494,300,30,30,30,1,1,30,0,0,1000,0,0,4,1
2495,300,30,30,30,1,1,30,0,0,1000,0,0,4,1
2496,300,30,30,30,1,1,30,0,0,1000,0,0,4,1
2497,300,30,30,30,1,1,30,0,0,1000,0,0,4,1
2498,300,30,30,30,1,1,30,0,0,1000,0,0,4,1
2499,300,30,30,30,1,1,30,0,0,1000,0,0,4,1
2500,300,30,30,30,1,1,30,0,0,1000,0,0,4,1
2501,300,30,30,30,1,1,30,0,0,1000,0,0,4,1
2502,300,30,30,30,1,1,30,0,0,1000,0,0,4,1
2503,300,30,30,30,1,1,30,0,0,1000,0,0,4,1
2504,300,30,30,30,1,1,30,0,0,1000,0,0,4,1
2505,300,30,30,30,1,1,30,0,0,1000,0,0,4,1
2506,300,30,30,30,1,1,30,0,0,1000,0,0,4,1
2507,300,30,30,30,1,1,30,0,0,1000,0,0,4,1
2508,300,30,30,30,1,1,30,0,0,1000,0,0,4,1
2509,300,30,30,30,1,1,30,0,0,1000,0,0,4,1
2510,300,30,30,30,1,1,30,0,0,1000,0,0,4,1
2511,300,30,30,30,1,1,30,0,0,1000,0,0,4,1
2512,300,30,30,30,1,1,30,0,0,1000,0,0,4,1
2513,300,30,30,30,1,1,30,0,0,1000,0,0,4,1
2514,300,30,30,30,1,1,30,0,0,1000,0,0,4,1
2515,300,30,30,30,1,1,30,0,0,1000,0,0,4,1
2516,300,30,30,30,1,1,30,0,0,1000,0,0,4,1
2517,300,30,30,30,1,1,30,0,0,1000,0,0,4,1
2518,300,30,30,30,1,1,30,0,0,1000,0,0,4,1
2519,300,30,30,30,1,1,30,0,0,1000,0,0,4,1
2520,300,30,30,30,1,1,30,0,0,1000,0,0,4,1
2521,300,30,30,30,1,1,30,0,0,1000,0,0,4,1
2522,300,30,30,30,1,1,30,0,0,1000,0,0,4,1
2523,300,30,30,30,1,1,30,0,0,1000,0,0,4,1
2524,300,30,30,30,1,1,30,0,0,1000,0,0,4,1
2525,300,30,30,30,1,1,30,0,0,1000,0,0,4,1
2526,300,30,30,30,1,1,30,0,0,1000,0,0,4,1
2527,300,30,30,30,1,1,30,0,0,1000,0,0,4,1
2528,300,30,30,30,1,1,30,0,0,1000,0,0,4,1
2529,300,30,30,30,1,1,30,0,0,1000,0,0,4,1
2530,300,30,30,30,1,1,30,0,0,1000,0,0,4,1
2531,300,30,30,30,1,1,30,0,0,1000,0,0,4,1
2532,300,30,30,30,1,1,30,0,0,1000,0,0,4,1
2533,300,30,30,30,1,1,30,0,0,1000,0,0,4,1
2534,300,30,30,30,1,1,30,0,0,1000,0,0,4,1
2535,300,30,30,30,1,1,30,0,0,1000,0,0,4,1
2536,300,30,30,30,1,1,30,0,0,1000,0,0,4,1
2537,300,30,30,30,1,1,30,0,0,1000,0,0,4,1
2538,300,30,30,30,1,1,30,0,0,1000,0,0,4,1
2539,300,30,30,30,1,1,30,0,0,1000,0,0,4,1
2540,300,30,30,30,1,1,30,0,0,1000,0,0,4,1
2541,300,30,30,30,1,1,30,0,0,1000,0,0,4,1
2542,300,30,30,30,1,1,30,0,0,1000,0,0,4,1
2543,300,30,30,30,1,1,30,0,0,1000,0,0,4,1
2544,300,30,30,30,1,1,30,0,0,1000,0,0,4,1
2545,300,30,30,30,1,1,30,0,0,1000,0,0,4,1
2546,300,30,30,30,1,1,30,0,0,1000,0,0,4,1
2547,300,30,30,30,1,1,30,0,0,1000,0,0,4,1
2548,300,30,30,30,1,1,30,0,0,1000,0,0,4,1
2549,300,30,30,30,1,1,30,0,0,1000,0,0,4,1
2550,300,30,30,30,1,1,30,0,0,1000,0,0,4,1
2551,300,30,30,30,1,1,30,0,0,1000,0,0,4,1
2552,300,30,30,30,1,1,30,0,0,1000,0,0,4,1
2553,300,30,30,30,1,1,30,0,0,1000,0,0,4,1
2554,300,30,30,30,1,1,30,0,0,1000,0,0,4,1
2555,300,30,30,30,1,1,30,0,0,1000,0,0,4,1
2556,300,30,30,30,1,1,30,0,0,1000,0,0,4,1
2557,300,30,30,30,1,1,30,0,0,1000,0,0,4,1
2558,300,30,30,30,1,1,30,0,0,1000,0,0,4,1
2559,300,30,30,30,1,1,30,0,0,1000,0,0,4,1
2560,300,30,30,30,1,1,30,0,0,1000,0,0,4,1
2561,300,30,30,30,1,1,30,0,0,1000,0,0,4,1
2562,300,30,30,30,1,1,30,0,0,1000,0,0,4,1
2563,300,30,30,30,1,1,30,0,0,1000,0,0,4,1
2564,300,30,30,30,1,1,30,0,0,1000,0,0,4,1
2565,300,30,30,30,1,1,30,0,0,1000,0,0,4,1
2566,300,30,30,30,1,1,30,0,0,1000,0,0,4,1
2567,300,30,30,30,1,1,30,0,0,1000,0,0,4,1
2568,300,30,30,30,1,1,30,0,0,1000,0,0,4,1
2569,300,30,30,30,1,1,30,0,0,1000,0,0,4,1
2570,300,30,30,30,1,1,30,0,0,1000,0,0,4,1
2571,300,30,30,30,1,1,30,0,0,1000,0,0,4,1
2572,300,30,30,30,1,1,30,0,0,1000,0,0,4,1
2573,300,30,30,30,1,1,30,0,0,1000,0,0,4,1
2574,300,30,30,30,1,1,30,0,0,1000,0,0,4,1
2575,300,30,30,30,1,1,30,0,0,1000,0,0,4,1
2576,300,30,30,30,1,1,30,0,0,1000,0,0,4,1
2577,300,30,30,30,1,1,30,0,0,1000,0,0,4,1
2578,300,30,30,30,1,1,30,0,0,1000,0,0,4,1
2579,300,30,30,30,1,1,30,0,0,1000,0,0,4,1
2580,300,30,30,30,1,1,30,0,0,1000,0,0,4,1
2581,300,30,30,30,1,1,30,0,0,1000,0,0,4,1
2582,300,30,30,30,1,1,30,0,0,1000,0,0,4,1
2583,300,30,30,30,1,1,30,0,0,1000,0,0,4,1
2584,300,30,30,30,1,1,30,0,0,1000,0,0,4,1
2585,300,30,30,30,1,1,30,0,0,1000,0,0,4,1
2586,300,30,30,30,1,1,30,0,0,1000,0,0,4,1
2587,300,30,30,30,1,1,30,0,0,1000,0,0,4,1
2588,300,30,30,30,1,1,30,0,0,1000,0,0,4,1
2589,300,30,30,30,1,1,30,0,0,1000,0,0,4,1
2590,300,30,30,30,1,1,30,0,0,1000,0,0,4,1
2591,300,30,30,30,1,1,30,0,0,1000,0,0,4,1
2592,300,30,30,30,1,1,30,0,0,1000,0,0,4,1
2593,300,30,30,30,1,1,30,0,0,1000,0,0,4,1
2594,300,30,30,30,1,1,30,0,0,1000,0,0,4,1
2595,300,30,30,30,1,1,30,0,0,1000,0,0,4,1
2596,300,30,30,30,1,1,30,0,0,1000,0,0,4,1
2597,300,30,30,30,1,1,30,0,0,1000,0,0,4,1
2598,300,30,30,30,1,1,30,0,0,1000,0,0,4,1
2599,300,30,30,30,1,1,30,0,0,1000,0,0,4,1
2600,300,30,30,30,1,1,30,0,0,1000,0,0,4,1
2601,300,30,30,30,1,1,30,0,0,1000,0,0,4,1
2602,300,30,30,30,1,1,30,0,0,1000,0,0,4,1
2603,300,30,30,30,1,1,30,0,0,1000,0,0,4,1
2604,300,30,30,30,1,1,30,0,0,1000,0,0,4,1
2605,300,30,30,30,1,1,30,0,0,1000,0,0,4,1
2606,300,30,30,30,1,1,30,0,0,1000,0,0,4,1
2607,300,30,30,30,1,1,30,0,0,1000,0,0,4,1
2608,300,30,30,30,1,1,30,0,0,1000,0,0,4,1
2609,300,30,30,30,1,1,30,0,0,1000,0,0,4,1
2610,300,30,30,30,1,1,30,0,0,1000,0,0,4,1
2611,300,30,30,30,1,1,30,0,0,1000,0,0,4,1
2612,300,30,30,30,1,1,30,0,0,1000,0,0,4,1
2613,300,30,30,30,1,1,30,0,0,1000,0,0,4,1
2614,300,30,30,30,1,1,30,0,0,1000,0,0,4,1
2615,300,30,30,30,1,1,30,0,0,1000,0,0,4,1
2616,300,30,30,30,1,1,30,0,0,1000,0,0,4,1
2617,300,30,30,30,1,1,30,0,0,1000,0,0,4,1
2618,300,30,30,30,1,1,30,0,0,1000,0,0,4,1
2619,300,30,30,30,1,1,30,0,0,1000,0,0,4,1
2620,300,30,30,30,1,1,30,0,0,1000,0,0,4,1
2621,300,30,30,30,1,1,30,0,0,1000,0,0,4,1
2622,300,30,30,30,1,1,30,0,0,1000,0,0,4,1
2623,300,30,30,30,1,1,30,0,0,1000,0,0,4,1
2624,300,30,30,30,1,1,30,0,0,1000,0,0,4,1
2625,300,30,30,30,1,1,30,0,0,1000,0,0,4,1
2626,300,30,30,30,1,1,30,0,0,1000,0,0,4,1
2627,300,30,30,30,1,1,30,0,0,1000,0,0,4,1
2628,300,30,30,30,1,1,30,0,0,1000,0,0,4,1
2629,300,30,30,30,1,1,30,0,0,1000,0,0,4,1
2630,300,30,30,30,1,1,30,0,0,1000,0,0,4,1
2631,300,30,30,30,1,1,30,0,0,1000,0,0,4,1
2632,300,30,30,30,1,1,30,0,0,1000,0,0,4,1
2633,300,30,30,30,1,1,30,0,0,1000,0,0,4,1
2634,300,30,30,30,1,1,30,0,0,1000,0,0,4,1
2635,300,30,30,30,1,1,30,0,0,1000,0,0,4,1
2636,300,30,30,30,1,1,30,0,0,1000,0,0,4,1
2637,300,30,30,30,1,1,30,0,0,1000,0,0,4,1
2638,300,30,30,30,1,1,30,0,0,1000,0,0,4,1
2639,300,30,30,30,1,1,30,0,0,1000,0,0,4,1
2640,300,30,30,30,1,1,30,0,0,1000,0,0,4,1
2641,300,30,30,30,1,1,30,0,0,1000,0,0,4,1
2642,300,30,30,30,1,1,30,0,0,1000,0,0,4,1
2643,300,30,30,30,1,1,30,0,0,1000,0,0,4,1
2644,300,30,30,30,1,1,30,0,0,1000,0,0,4,1
2645,300,30,30,30,1,1,30,0,0,1000,0,0,4,1
2646,300,30,30,30,1,1,30,0,0,1000,0,0,4,1
2647,300,30,30,30,1,1,30,0,0,1000,0,0,4,1
2648,300,30,30,30,1,1,30,0,0,1000,0,0,4,1
2649,300,30,30,30,1,1,30,0,0,1000,0,0,4,1
2650,300,30,30,30,1,1,30,0,0,1000,0,0,4,1
2651,300,30,30,30,1,1,30,0,0,1000,0,0,4,1
2652,300,30,30,30,1,1,30,0,0,1000,0,0,4,1
2653,300,30,30,30,1,1,30,0,0,1000,0,0,4,1
2654,300,30,30,30,1,1,30,0,0,1000,0,0,4,1
2655,300,30,30,30,1,1,30,0,0,1000,0,0,4,1
2656,300,30,30,30,1,1,30,0,0,1000,0,0,4,1
2657,300,30,30,30,1,1,30,0,0,1000,0,0,4,1
2658,300,30,30,30,1,1,30,0,0,1000,0,0,4,1
2659,300,30,30,30,1,1,30,0,0,1000,0,0,4,1
2660,300,30,30,30,1,1,30,0,0,1000,0,0,4,1
2661,300,30,30,30,1,1,30,0,0,1000,0,0,4,1
2662,300,30,30,30,1,1,30,0,0,1000,0,0,4,1
2663,300,30,30,30,1,1,30,0,0,1000,0,0,4,1
2664,300,30,30,30,1,1,30,0,0,1000,0,0,4,1
2665,300,30,30,30,1,1,30,0,0,1000,0,0,4,1
2666,300,30,30,30,1,1,30,0,0,1000,0,0,4,1
2667,300,30,30,30,1,1,30,0,0,1000,0,0,4,1
2668,300,30,30,30,1,1,30,0,0,1000,0,0,4,1
2669,300,30,30,30,1,1,30,0,0,1000,0,0,4,1
2670,300,30,30,30,1,1,30,0,0,1000,0,0,4,1
2671,300,30,30,30,1,1,30,0,0,1000,0,0,4,1
2672,300,30,30,30,1,1,30,0,0,1000,0,0,4,1
2673,300,30,30,30,1,1,30,0,0,1000,0,0,4,1
2674,300,30,30,30,1,1,30,0,0,1000,0,0,4,1
2675,300,30,30,30,1,1,30,0,0,1000,0,0,4,1
2676,300,30,30,30,1,1,30,0,0,1000,0,0,4,1
2677,300,30,30,30,1,1,30,0,0,1000,0,0,4,1
2678,300,30,30,30,1,1,30,0,0,1000,0,0,4,1
2679,300,30,30,30,1,1,30,0,0,1000,0,0,4,1
2680,300,30,30,30,1,1,30,0,0,1000,0,0,4,1
2681,300,30,30,30,1,1,30,0,0,1000,0,0,4,1
2682,300,30,30,30,1,1,30,0,0,1000,0,0,4,1
2683,300,30,30,30,1,1,30,0,0,1000,0,0,4,1
2684,300,30,30,30,1,1,30,0,0,1000,0,0,4,1
2685,300,30,30,30,1,1,30,0,0,1000,0,0,4,1
2686,300,30,30,30,1,1,30,0,0,1000,0,0,4,1
2687,300,30,30,30,1,1,30,0,0,1000,0,0,4,1
2688,300,30,30,30,1,1,30,0,0,1000,0,0,4,1
2689,300,30,30,30,1,1,30,0,0,1000,0,0,4,1
2690,300,30,30,30,1,1,30,0,0,1000,0,0,4,1
2691,300,30,30,30,1,1,30,0,0,1000,0,0,4,1
2692,300,30,30,30,1,1,30,0,0,1000,0,0,4,1
2693,300,30,30,30,1,1,30,0,0,1000,0,0,4,1
2694,300,30,30,30,1,1,30,0,0,1000,0,0,4,1
2695,300,30,30,30,1,1,30,0,0,1000,0,0,4,1
2696,300,30,30,30,1,1,30,0,0,1000,0,0,4,1
2697,300,30,30,30,1,1,30,0,0,1000,0,0,4,1
2698,300,30,30,30,1,1,30,0,0,1000,0,0,4,1
2699,300,30,30,30,1,1,30,0,0,1000,0,0,4,1
2700,300,30,30,30,1,1,30,0,0,1000,0,0,4,1
2701,300,30,30,30,1,1,30,0,0,1000,0,0,4,1
2702,300,30,30,30,1,1,30,0,0,1000,0,0,4,1
2703,300,30,30,30,1,1,30,0,0,1000,0,0,4,1
2704,300,30,30,30,1,1,30,0,0,1000,0,0,4,1
2705,300,30,30,30,1,1,30,0,0,1000,0,0,4,1
2706,300,30,30,30,1,1,30,0,0,1000,0,0,4,1
2707,300,30,30,30,1,1,30,0,0,1000,0,0,4,1
2708,300,30,30,30,1,1,30,0,0,1000,0,0,4,1
2709,300,30,30,30,1,1,30,0,0,1000,0,0,4,1
2710,300,30,30,30,1,1,30,0,0,1000,0,0,4,1
2711,300,30,30,30,1,1,30,0,0,1000,0,0,4,1
2712,300,30,30,30,1,1,30,0,0,1000,0,0,4,1
2713,300,30,30,30,1,1,30,0,0,1000,0,0,4,1
2714,300,30,30,30,1,1,30,0,0,1000,0,0,4,1
2715,300,30,30,30,1,1,30,0,0,1000,0,0,4,1
2716,300,30,30,30,1,1,30,0,0,1000,0,0,4,1
2717,300,30,30,30,1,1,30,0,0,1000,0,0,4,1
2718,300,30,30,30,1,1,30,0,0,1000,0,0,4,1
2719,300,30,30,30,1,1,30,0,0,1000,0,0,4,1
2720,300,30,30,30,1,1,30,0,0,1000,0,0,4,1
2721,300,30,30,30,1,1,30,0,0,1000,0,0,4,1
2722,300,30,30,30,1,1,30,0,0,1000,0,0,4,1
2723,300,30,30,30,1,1,30,0,0,1000,0,0,4,1
2724,300,30,30,30,1,1,30,0,0,1000,0,0,4,1
2725,300,30,30,30,1,1,30,0,0,1000,0,0,4,1
2726,300,30,30,30,1,1,30,0,0,1000,0,0,4,1
2727,300,30,30,30,1,1,30,0,0,1000,0,0,4,1
2728,300,30,30,30,1,1,30,0,0,1000,0,0,4,1
2729,300,30,30,30,1,1,30,0,0,1000,0,0,4,1
2730,300,30,30,30,1,1,30,0,0,1000,0,0,4,1
2731,300,30,30,30,1,1,30,0,0,1000,0,0,4,1
2732,300,30,30,30,1,1,30,0,0,1000,0,0,4,1
2733,300,30,30,30,1,1,30,0,0,1000,0,0,4,1
2734,300,30,30,30,1,1,30,0,0,1000,0,0,4,1
2735,300,30,30,30,1,1,30,0,0,1000,0,0,4,1
2736,300,30,30,30,1,1,30,0,0,1000,0,0,4,1
2737,300,30,30,30,1,1,30,0,0,1000,0,0,4,1
2738,300,30,30,30,1,1,30,0,0,1000,0,0,4,1
2739,300,30,30,30,1,1,30,0,0,1000,0,0,4,1
2740,300,30,30,30,1,1,30,0,0,1000,0,0,4,1
2741,300,30,30,30,1,1,30,0,0,1000,0,0,4,1
2742,300,30,30,30,1,1,30,0,0,1000,0,0,4,1
2743,300,30,30,30,1,1,30,0,0,1000,0,0,4,1
2744,300,30,30,30,1,1,30,0,0,1000,0,0,4,1
2745,300,30,30,30,1,1,30,0,0,1000,0,0,4,1
2746,300,30,30,30,1,1,30,0,0,1000,0,0,4,1
2747,300,30,30,30,1,1,30,0,0,1000,0,0,4,1
2748,300,30,30,30,1,1,30,0,0,1000,0,0,4,1
2749,300,30,30,30,1,1,30,0,0,1000,0,0,4,1
2750,300,30,30,30,1,1,30,0,0,1000,0,0,4,1
2751,300,30,30,30,1,1,30,0,0,1000,0,0,4,1
2752,300,30,30,30,1,1,30,0,0,1000,0,0,4,1
2753,300,30,30,30,1,1,30,0,0,1000,0,0,4,1
2754,300,30,30,30,1,1,30,0,0,1000,0,0,4,1
2755,300,30,30,30,1,1,30,0,0,1000,0,0,4,1
2756,300,30,30,30,1,1,30,0,0,1000,0,0,4,1
2757,300,30,30,30,1,1,30,0,0,1000,0,0,4,1
2758,300,30,30,30,1,1,30,0,0,1000,0,0,4,1
2759,300,30,30,30,1,1,30,0,0,1000,0,0,4,1
2760,300,30,30,30,1,1,30,0,0,1000,0,0,4,1
2761,300,30,30,30,1,1,30,0,0,1000,0,0,4,1
2762,300,30,30,30,1,1,30,0,0,1000,0,0,4,1
2763,300,30,30,30,1,1,30,0,0,1000,0,0,4,1
2764,300,30,30,30,1,1,30,0,0,1000,0,0,4,1
2765,300,30,30,30,1,1,30,0,0,1000,0,0,4,1
2766,300,30,30,30,1,1,30,0,0,1000,0,0,4,1
2767,300,30,30,30,1,1,30,0,0,1000,0,0,4,1
2768,300,30,30,30,1,1,30,0,0,1000,0,0,4,1
2769,300,30,30,30,1,1,30,0,0,1000,0,0,4,1
2770,300,30,30,30,1,1,30,0,0,1000,0,0,4,1
2771,300,30,30,30,1,1,30,0,0,1000,0,0,4,1
2772,300,30,30,30,1,1,30,0,0,1000,0,0,4,1
2773,300,30,30,30,1,1,30,0,0,1000,0,0,4,1
2774,300,30,30,30,1,1,30,0,0,1000,0,0,4,1
2775,300,30,30,30,1,1,30,0,0,1000,0,0,4,1
2776,300,30,30,30,1,1,30,0,0,1000,0,0,4,1
2777,300,30,30,30,1,1,30,0,0,1000,0,0,4,1
2778,300,30,30,30,1,1,30,0,0,1000,0,0,4,1
2779,300,30,30,30,1,1,30,0,0,1000,0,0,4,1
2780,300,30,30,30,1,1,30,0,0,1000,0,0,4,1
2781,300,30,30,30,1,1,30,0,0,1000,0,0,4,1
2782,300,30,30,30,1,1,30,0,0,1000,0,0,4,1
2783,300,30,30,30,1,1,30,0,0,1000,0,0,4,1
2784,300,30,30,30,1,1,30,0,0,1000,0,0,4,1
2785,300,30,30,30,1,1,30,0,0,1000,0,0,4,1
2786,300,30,30,30,1,1,30,0,0,1000,0,0,4,1
2787,300,30,30,30,1,1,30,0,0,1000,0,0,4,1
2788,300,30,30,30,1,1,30,0,0,1000,0,0,4,1
2789,300,30,30,30,1,1,30,0,0,1000,0,0,4,1
2790,300,30,30,30,1,1,30,0,0,1000,0,0,4,1
2791,300,30,30,30,1,1,30,0,0,1000,0,0,4,1
2792,300,30,30,30,1,1,30,0,0,1000,0,0,4,1
2793,300,30,30,30,1,1,30,0,0,1000,0,0,4,1
2794,300,30,30,30,1,1,30,0,0,1000,0,0,4,1
2795,300,30,30,30,1,1,30,0,0,1000,0,0,4,1
2796,300,30,30,30,1,1,30,0,0,1000,0,0,4,1
2797,300,30,30,30,1,1,30,0,0,1000,0,0,4,1
2798,300,30,30,30,1,1,30,0,0,1000,0,0,4,1
2799,300,30,30,30,1,1,30,0,0,1000,0,0,4,1
2800,300,30,30,30,1,1,30,0,0,1000,0,0,4,1
2801,300,30,30,30,1,1,30,0,0,1000,0,0,4,1
2802,300,30,30,30,1,1,30,0,0,1000,0,0,4,1
2803,300,30,30,30,1,1,30,0,0,1000,0,0,4,1
2804,300,30,30,30,1,1,30,0,0,1000,0,0,4,1
2805,300,30,30,30,1,1,30,0,0,1000,0,0,4,1
2806,300,30,30,30,1,1,30,0,0,1000,0,0,4,1
2807,300,30,30,30,1,1,30,0,0,1000,0,0,4,1
2808,300,30,30,30,1,1,30,0,0,1000,0,0,4,1
2809,300,30,30,30,1,1,30,0,0,1000,0,0,4,1
2810,300,30,30,30,1,1,30,0,0,1000,0,0,4,1
2811,300,30,30,30,1,1,30,0,0,1000,0,0,4,1
2812,300,30,30,30,1,1,30,0,0,1000,0,0,4,1
2813,300,30,30,30,1,1,30,0,0,1000,0,0,4,1
2814,300,30,30,30,1,1,30,0,0,1000,0,0,4,1
2815,300,30,30,30,1,1,30,0,0,1000,0,0,4,1
2816,300,30,30,30,1,1,30,0,0,1000,0,0,4,1
2817,300,30,30,30,1,1,30,0,0,1000,0,0,4,1
2818,300,30,30,30,1,1,30,0,0,1000,0,0,4,1
2819,300,30,30,30,1,1,30,0,0,1000,0,0,4,1
2820,300,30,30,30,1,1,30,0,0,1000,0,0,4,1
2821,300,30,30,30,1,1,30,0,0,1000,0,0,4,1
2822,300,30,30,30,1,1,30,0,0,1000,0,0,4,1
2823,300,30,30,30,1,1,30,0,0,1000,0,0,4,1
2824,300,30,30,30,1,1,30,0,0,1000,0,0,4,1
2825,300,30,30,30,1,1,30,0,0,1000,0,0,4,1
2826,300,30,30,30,1,1,30,0,0,1000,0,0,4,1
2827,300,30,30,30,1,1,30,0,0,1000,0,0,4,1
2828,300,30,30,30,1,1,30,0,0,1000,0,0,4,1
2829,300,30,30,30,1,1,30,0,0,1000,0,0,4,1
2830,300,30,30,30,1,1,30,0,0,1000,0,0,4,1
2831,300,30,30,30,1,1,30,0,0,1000,0,0,4,1
2832,300,30,30,30,1,1,30,0,0,1000,0,0,4,1
2833,300,30,30,30,1,1,30,0,0,1000,0,0,4,1
2834,300,30,30,30,1,1,30,0,0,1000,0,0,4,1
2835,300,30,30,30,1,1,30,0,0,1000,0,0,4,1
2836,300,30,30,30,1,1,30,0,0,1000,0,0,4,1
2837,300,30,30,30,1,1,30,0,0,1000,0,0,4,1
2838,300,30,30,30,1,1,30,0,0,1000,0,0,4,1
2839,300,30,30,30,1,1,30,0,0,1000,0,0,4,1
2840,300,30,30,30,1,1,30,0,0,1000,0,0,4,1
2841,300,30,30,30,1,1,30,0,0,1000,0,0,4,1
2842,300,30,30,30,1,1,30,0,0,1000,0,0,4,1
2843,300,30,30,30,1,1,30,0,0,1000,0,0,4,1
2844,300,30,30,30,1,1,30,0,0,1000,0,0,4,1
2845,300,30,30,30,1,1,30,0,0,1000,0,0,4,1
2846,300,30,30,30,1,1,30,0,0,1000,0,0,4,1
2847,300,30,30,30,1,1,30,0,0,1000,0,0,4,1
2848,300,30,30,30,1,1,30,0,0,1000,0,0,4,1
2849,300,30,30,30,1,1,30,0,0,1000,0,0,4,1
2850,300,30,30,30,1,1,30,0,0,1000,0,0,4,1
2851,300,30,30,30,1,1,30,0,0,1000,0,0,4,1
2852,300,30,30,30,1,1,30,0,0,1000,0,0,4,1
2853,300,30,30,30,1,1,30,0,0,1000,0,0,4,1
2854,300,30,30,30,1,1,30,0,0,1000,0,0,4,1
2855,300,30,30,30,1,1,30,0,0,1000,0,0,4,1
2856,300,30,30,30,1,1,30,0,0,1000,0,0,4,1
2857,300,30,30,30,1,1,30,0,0,1000,0,0,4,1
2858,300,30,30,30,1,1,30,0,0,1000,0,0,4,1
2859,300,30,30,30,1,1,30,0,0,1000,0,0,4,1
2860,300,30,30,30,1,1,30,0,0,1000,0,0,4,1
2861,300,30,30,30,1,1,30,0,0,1000,0,0,4,1
2862,300,30,30,30,1,1,30,0,0,1000,0,0,4,1
2863,300,30,30,30,1,1,30,0,0,1000,0,0,4,1
2864,300,30,30,30,1,1,30,0,0,1000,0,0,4,1
2865,300,30,30,30,1,1,30,0,0,1000,0,0,4,1
2866,300,30,30,30,1,1,30,0,0,1000,0,0,4,1
2867,300,30,30,30,1,1,30,0,0,1000,0,0,4,1
2868,300,30,30,30,1,1,30,0,0,1000,0,0,4,1
2869,300,30,30,30,1,1,30,0,0,1000,0,0,4,1
2870,300,30,30,30,1,1,30,0,0,1000,0,0,4,1
2871,300,30,30,30,1,1,30,0,0,1000,0,0,4,1
2872,300,30,30,30,1,1,30,0,0,1000,0,0,4,1
2873,300,30,30,30,1,1,30,0,0,1000,0,0,4,1
2874,300,30,30,30,1,1,30,0,0,1000,0,0,4,1
2875,300,30,30,30,1,1,30,0,0,1000,0,0,4,1
2876,300,30,30,30,1,1,30,0,0,1000,0,0,4,1
2877,300,30,30,30,1,1,30,0,0,1000,0,0,4,1
2878,300,30,30,30,1,1,30,0,0,1000,0,0,4,1
2879,300,30,30,30,1,1,30,0,0,1000,0,0,4,1
2880,300,30,30,30,1,1,30,0,0,1000,0,0,4,1
2881,300,30,30,30,1,1,30,0,0,1000,0,0,4,1
2882,300,30,30,30,1,1,30,0,0,1000,0,0,4,1
2883,300,30,30,30,1,1,30,0,0,1000,0,0,4,1
2884,300,30,30,30,1,1,30,0,0,1000,0,0,4,1
2885,300,30,30,30,1,1,30,0,0,1000,0,0,4,1
2886,300,30,30,30,1,1,30,0,0,1000,0,0,4,1
2887,300,30,30,30,1,1,30,0,0,1000,0,0,4,1
2888,300,30,30,30,1,1,30,0,0,1000,0,0,4,1
2889,300,30,30,30,1,1,30,0,0,1000,0,0,4,1
2890,300,30,30,30,1,1,30,0,0,1000,0,0,4,1
2891,300,30,30,30,1,1,30,0,0,1000,0,0,4,1
2892,300,30,30,30,1,1,30,0,0,1000,0,0,4,1
2893,300,30,30,30,1,1,30,0,0,1000,0,0,4,1
2894,300,30,30,30,1,1,30,0,0,1000,0,0,4,1
2895,300,30,30,30,1,1,30,0,0,1000,0,0,4,1
2896,300,30,30,30,1,1,30,0,0,1000,0,0,4,1
2897,300,30,30,30,1,1,30,0,0,1000,0,0,4,1
2898,300,30,30,30,1,1,30,0,0,1000,0,0,4,1
2899,300,30,30,30,1,1,30,0,0,1000,0,0,4,1
2900,300,30,30,30,1,1,30,0,0,1000,0,0,4,1
2901,300,30,30,30,1,1,30,0,0,1000,0,0,4,1
2902,300,30,30,30,1,1,30,0,0,1000,0,0,4,1
2903,300,30,30,30,1,1,30,0,0,1000,0,0,4,1
2904,300,30,30,30,1,1,30,0,0,1000,0,0,4,1
2905,300,30,30,30,1,1,30,0,0,1000,0,0,4,1
2906,300,30,30,30,1,1,30,0,0,1000,0,0,4,1
2907,300,30,30,30,1,1,30,0,0,1000,0,0,4,1
2908,300,30,30,30,1,1,30,0,0,1000,0,0,4,1
2909,300,30,30,30,1,1,30,0,0,1000,0,0,4,1
2910,300,30,30,30,1,1,30,0,0,1000,0,0,4,1
2911,300,30,30,30,1,1,30,0,0,1000,0,0,4,1
2912,300,30,30,30,1,1,30,0,0,1000,0,0,4,1
2913,300,30,30,30,1,1,30,0,0,1000,0,0,4,1
2914,300,30,30,30,1,1,30,0,0,1000,0,0,4,1
2915,300,30,30,30,1,1,30,0,0,1000,0,0,4,1
2916,300,30,30,30,1,1,30,0,0,1000,0,0,4,1
2917,300,30,30,30,1,1,30,0,0,1000,0,0,4,1
2918,300,30,30,30,1,1,30,0,0,1000,0,0,4,1
2919,300,30,30,30,1,1,30,0,0,1000,0,0,4,1
2920,300,30,30,30,1,1,30,0,0,1000,0,0,4,1
2921,300,30,30,30,1,1,30,0,0,1000,0,0,4,1
2922,300,30,30,30,1,1,30,0,0,1000,0,0,4,1
2923,300,30,30,30,1,1,30,0,0,1000,0,0,4,1
2924,300,30,30,30,1,1,30,0,0,1000,0,0,4,1
2925,300,30,30,30,1,1,30,0,0,1000,0,0,4,1
2926,300,30,30,30,1,1,30,0,0,1000,0,0,4,1
2927,300,30,30,30,1,1,30,0,0,1000,0,0,4,1
2928,300,30,30,30,1,1,30,0,0,1000,0,0,4,1
2929,300,30,30,30,1,1,30,0,0,1000,0,0,4,1
2930,300,30,30,30,1,1,30,0,0,1000,0,0,4,1
2931,300,30,30,30,1,1,30,0,0,1000,0,0,4,1
2932,300,30,30,30,1,1,30,0,0,1000,0,0,4,1
2933,300,30,30,30,1,1,30,0,0,1000,0,0,4,1
2934,300,30,30,30,1,1,30,0,0,1000,0,0,4,1
2935,300,30,30,30,1,1,30,0,0,1000,0,0,4,1
2936,300,30,30,30,1,1,30,0,0,1000,0,0,4,1
2937,300,30,30,30,1,1,30,0,0,1000,0,0,4,1
2938,300,30,30,30,1,1,30,0,0,1000,0,0,4,1
2939,300,30,30,30,1,1,30,0,0,1000,0,0,4,1
2940,300,30,30,30,1,1,30,0,0,1000,0,0,4,1
2941,300,30,30,30,1,1,30,0,0,1000,0,0,4,1
2942,300,30,30,30,1,1,30,0,0,1000,0,0,4,1
2943,300,30,30,30,1,1,30,0,0,1000,0,0,4,1
2944,300,30,30,30,1,1,30,0,0,1000,0,0,4,1
2945,300,30,30,30,1,1,30,0,0,1000,0,0,4,1
2946,300,30,30,30,1,1,30,0,0,1000,0,0,4,1
2947,300,30,30,30,1,1,30,0,0,1000,0,0,4,1
2948,300,30,30,30,1,1,30,0,0,1000,0,0,4,1
2949,300,30,30,30,1,1,30,0,0,1000,0,0,4,1
2950,300,30,30,30,1,1,30,0,0,1000,0,0,4,1
2951,300,30,30,30,1,1,30,0,0,1000,0,0,4,1
2952,300,30,30,30,1,1,30,0,0,1000,0,0,4,1
2953,300,30,30,30,1,1,30,0,0,1000,0,0,4,1
2954,300,30,30,30,1,1,30,0,0,1000,0,0,4,1
2955,300,30,30,30,1,1,30,0,0,1000,0,0,4,1
2956,300,30,30,30,1,1,30,0,0,1000,0,0,4,1
2957,300,30,30,30,1,1,30,0,0,1000,0,0,4,1
2958,300,30,30,30,1,1,30,0,0,1000,0,0,4,1
2959,300,30,30,30,1,1,30,0,0,1000,0,0,4,1
2960,300,30,30,30,1,1,30,0,0,1000,0,0,4,1
2961,300,30,30,30,1,1,30,0,0,1000,0,0,4,1
2962,300,30,30,30,1,1,30,0,0,1000,0,0,4,1
2963,300,30,30,30,1,1,30,0,0,1000,0,0,4,1
2964,300,30,30,30,1,1,30,0,0,1000,0,0,4,1
2965,300,30,30,30,1,1,30,0,0,1000,0,0,4,1
2966,300,30,30,30,1,1,30,0,0,1000,0,0,4,1
2967,300,30,30,30,1,1,30,0,0,1000,0,0,4,1
2968,300,30,30,30,1,1,30,0,0,1000,0,0,4,1
2969,300,30,30,30,1,1,30,0,0,1000,0,0,4,1
2970,300,30,30,30,1,1,30,0,0,1000,0,0,4,1
2971,300,30,30,30,1,1,30,0,0,1000,0,0,4,1
2972,300,30,30,30,1,1,30,0,0,1000,0,0,4,1
2973,300,30,30,30,1,1,30,0,0,1000,0,0,4,1
2974,300,30,30,30,1,1,30,0,0,1000,0,0,4,1
2975,300,30,30,30,1,1,30,0,0,1000,0,0,4,1
2976,300,30,30,30,1,1,30,0,0,1000,0,0,4,1
2977,300,30,30,30,1,1,30,0,0,1000,0,0,4,1
2978,300,30,30,30,1,1,30,0,0,1000,0,0,4,1
2979,300,30,30,30,1,1,30,0,0,1000,0,0,4,1
2980,300,30,30,30,1,1,30,0,0,1000,0,0,4,1
2981,300,30,30,30,1,1,30,0,0,1000,0,0,4,1
2982,300,30,30,30,1,1,30,0,0,1000,0,0,4,1
2983,300,30,30,30,1,1,30,0,0,1000,0,0,4,1
2984,300,30,30,30,1,1,30,0,0,1000,0,0,4,1
2985,300,30,30,30,1,1,30,0,0,1000,0,0,4,1
2986,300,30,30,30,1,1,30,0,0,1000,0,0,4,1
2987,300,30,30,30,1,1,30,0,0,1000,0,0,4,1
2988,300,30,30,30,1,1,30,0,0,1000,0,0,4,1
2989,300,30,30,30,1,1,30,0,0,1000,0,0,4,1
2990,300,30,30,30,1,1,30,0,0,1000,0,0,4,1
2991,300,30,30,30,1,1,30,0,0,1000,0,0,4,1
2992,300,30,30,30,1,1,30,0,0,1000,0,0,4,1
2993,300,30,30,30,1,1,30,0,0,1000,0,0,4,1
2994,300,30,30,30,1,1,30,0,0,1000,0,0,4,1
2995,300,30,30,30,1,1,30,0,0,1000,0,0,4,1
2996,300,30,30,30,1,1,30,0,0,1000,0,0,4,1
2997,300,30,30,30,1,1,30,0,0,1000,0,0,4,1
2998,300,30,30,30,1,1,30,0,0,1000,0,0,4,1
2999,300,30,30,30,1,1,30,0,0,1000,0,0,4,1
3000,300,30,30,30,1,1,30,0,0,1000,0,0,4,1
